,Cities,Country,Latitude,Longitude,Temperature (F),Humidity (%),Cloudiness (%),Wind Speed (mph)
0,bria,cf,6.5429,21.9871,91.51,23,92,9.89
1,gao,ml,16.2788,-0.0413,80.26,19,12,8.25
2,atar,mr,20.5183,-13.0544,80.35,15,88,5.53
3,punta arenas,cl,-53.1627,-70.9081,52.75,88,68,13.35
4,ivanovo,ru,56.9984,40.9737,31.48,91,88,7.65
5,albany,au,-35.0248,117.8836,63.41,97,92,10.45
6,pocone,br,-16.2567,-56.6228,79.09,84,80,8.14
7,varhaug,no,58.6147,5.6457,40.46,97,20,2.89
8,butaritari,ki,3.0707,172.7902,81.88,100,64,8.14
9,vaini,to,-21.2001,-175.2,77.11,100,88,12.95
10,bayir,jo,,,,,,
11,da nang,vn,,,,,,
12,albany,au,-35.0248,117.8836,63.41,97,92,10.45
13,maceio,br,-9.6659,-35.7353,81.93,90,24,6.58
14,mahebourg,mu,-20.4081,57.7,81.12,80,64,12.62
15,keuruu,fi,62.258,24.7084,35.2,66,0,14.29
16,fortuna,us,40.5974,-124.1561,55.35,82,0,4.63
17,hermanus,za,-34.4176,19.2361,59.63,93,64,4.34
18,cayenne,gf,4.9371,-52.3259,83.89,78,44,7.31
19,mataura,pf,,,,,,
20,saint george,bm,32.3817,-64.6781,67.53,96,68,4.63
21,punta arenas,cl,-53.1627,-70.9081,52.75,88,68,13.35
22,tsihombe,mg,,,,,,
23,carnarvon,au,-24.8667,113.6333,75.58,94,20,19.84
24,rikitea,pf,-23.1203,-134.9692,79.09,98,0,20.07
25,tasiilaq,gl,65.6145,-37.6368,18.84,97,80,46.35
26,lovozero,ru,68.0059,35.0172,10.69,62,44,2.51
27,punta arenas,cl,-53.1627,-70.9081,52.75,88,68,13.35
28,vaini,to,-21.2001,-175.2,77.11,100,88,12.95
29,tiksi,ru,71.6366,128.8685,-0.48,64,0,17.65
30,poum,nc,-20.2334,164.0167,80.71,100,100,10.89
31,mar del plata,ar,-46.4276,-67.5191,68.56,38,44,7.43
32,uyskoye,ru,54.3734,60.0054,17.35,61,76,2.84
33,vaini,to,-21.2001,-175.2,77.11,100,88,12.95
34,sinkat,sd,,,,,,
35,zhanakorgan,kz,43.9098,67.2495,46.06,84,48,2.77
36,albany,au,-35.0248,117.8836,63.41,97,92,10.45
37,lebu,cl,-37.6167,-73.6501,57.31,92,76,4.12
38,kodiak,us,39.9519,-94.7572,53.4,88,0,7.54
39,san quintin,mx,,,,,,
40,srednekolymsk,ru,67.4555,153.7071,-21.36,31,0,2.33
41,hithadhoo,mv,-0.6,73.0833,84.31,100,88,6.91
42,drayton valley,ca,53.2206,-114.9833,51.73,72,0,5.3
43,araouane,ml,18.9041,-3.5276,70.18,14,8,8.43
44,souillac,mu,-20.5167,57.5167,81.14,80,64,12.62
45,eureka,us,40.8021,-124.1637,55.33,82,0,4.63
46,hithadhoo,mv,-0.6,73.0833,84.31,100,88,6.91
47,kapaa,us,22.0752,-159.319,75.79,76,0,6.87
48,yar-sale,ru,66.8333,70.8333,20.95,83,48,11.39
49,sola,vu,-13.8834,167.55,82.69,99,76,2.06
50,yeniseysk,ru,58.4532,92.1748,23.47,82,36,5.64
51,jamestown,sh,-15.9388,-5.7168,76.75,100,8,18.05
52,vaini,to,-21.2001,-175.2,77.11,100,88,12.95
53,juneau,us,58.3019,-134.4198,48.15,92,92,1.77
54,carbonia,it,39.1653,8.5278,60.42,86,32,24.2
55,sentyabrskiy,ru,,,,,,
56,mys shmidta,ru,,,,,,
57,dekoa,cf,,,,,,
58,tevaitoa,pf,-16.7834,-151.5,84.58,98,44,6.53
59,along,in,28.1698,94.7985,51.91,95,100,1.72
60,nikolskoye,ru,59.7035,30.7861,38.39,92,92,7.54
61,nkongsamba,cm,4.9525,9.9392,77.38,77,12,1.21
62,ushuaia,ar,-54.807,-68.3074,53.04,82,76,7.92
63,ushuaia,ar,-54.807,-68.3074,53.04,82,76,7.92
64,adet,et,11.2644,37.4888,55.96,88,48,0.83
65,tuktoyaktuk,ca,69.444,-133.032,17.38,100,68,14.92
66,tiksi,ru,71.6366,128.8685,-0.48,64,0,17.65
67,kanigoro,id,-8.1303,112.2196,80.35,95,76,8.93
68,kodiak,us,39.9519,-94.7572,53.4,88,0,7.54
69,tiksi,ru,71.6366,128.8685,-0.48,64,0,17.65
70,hithadhoo,mv,-0.6,73.0833,84.31,100,88,6.91
71,jamestown,sh,-15.9388,-5.7168,76.75,100,8,18.05
72,beringovskiy,ru,63.05,179.3167,-4.35,79,0,14.63
73,avarua,ck,-21.2078,-159.775,81.46,100,48,6.53
74,mahebourg,mu,-20.4081,57.7,81.12,80,64,12.62
75,nizhneyansk,ru,,,,,,
76,saskylakh,ru,71.965,114.0939,8.53,77,76,10.04
77,ushuaia,ar,-54.807,-68.3074,53.04,82,76,7.92
78,sturgeon falls,ca,46.3646,-79.9327,37.15,79,88,7.58
79,torbay,ca,47.6577,-52.727,36.54,78,0,12.57
80,birjand,ir,32.8636,59.2175,29.32,68,36,3.56
81,dikson,ru,73.5069,80.5464,8.53,93,68,16.2
82,klaksvik,fo,62.2266,-6.5891,42.96,93,88,14.97
83,manta,ec,-0.95,-80.7334,81.28,100,36,6.13
84,aswan,eg,24.0911,32.8973,66.47,37,0,9.82
85,aranos,na,-24.1389,19.1149,72.52,20,0,8.93
86,ushuaia,ar,-54.807,-68.3074,53.04,82,76,7.92
87,rapid valley,us,44.0625,-103.1463,60.89,32,0,6.8
88,livramento,br,-3.0254,-60.1803,81.86,90,20,1.54
89,srednekolymsk,ru,67.4555,153.7071,-21.36,31,0,2.33
90,viligili,mv,,,,,,
91,atar,mr,20.5183,-13.0544,80.35,15,88,5.53
92,san quintin,mx,,,,,,
93,mandalay,mm,21.9813,96.0824,67.21,77,0,2.33
94,punta arenas,cl,-53.1627,-70.9081,52.75,88,68,13.35
95,busselton,au,-33.6445,115.3489,66.24,100,48,19.06
96,rikitea,pf,-23.1203,-134.9692,79.09,98,0,20.07
97,longyearbyen,sj,78.2186,15.6401,15.1,81,32,1.72
98,saint anthony,ca,,,,,,
99,saint-raphael,fr,43.4233,6.7735,53.31,95,0,10.89
100,mataura,pf,,,,,,
101,saskylakh,ru,71.965,114.0939,8.53,77,76,10.04
102,camacha,pt,33.0833,-16.3334,64.24,100,8,20.07
103,chuy,uy,-33.6938,-53.4562,64.06,96,68,6.8
104,taolanaro,mg,,,,,,
105,kavaratti,in,10.5669,72.642,83.41,100,0,7.36
106,castro,cl,-42.4824,-73.7644,58.42,96,92,3.85
107,teya,ru,60.3731,92.6306,29.05,77,88,8.43
108,craigieburn,au,-37.5995,144.9379,65.75,96,68,2.77
109,tsihombe,mg,,,,,,
110,yellowknife,ca,62.4541,-114.3774,38.55,87,0,18.84
111,jamestown,sh,-15.9388,-5.7168,76.75,100,8,18.05
112,tromso,no,69.6489,18.9551,30.61,84,88,9.1
113,leningradskiy,ru,69.3833,178.4167,-13.62,84,8,3.4
114,leh,in,34.1642,77.5848,1.51,76,80,1.77
115,hermanus,za,-34.4176,19.2361,59.63,93,64,4.34
116,rawson,ar,-43.2992,-65.1057,72.25,30,80,14.85
117,nikolskoye,ru,59.7035,30.7861,38.39,92,92,7.54
118,chara,ru,56.9029,118.261,0.16,64,44,2.39
119,havre-saint-pierre,ca,50.2334,-63.5987,38.84,87,36,8.1
120,broome,au,-17.9667,122.2333,79.48,93,64,9.1
121,mataura,pf,,,,,,
122,ponta delgada,pt,37.7333,-25.6667,56.8,100,44,3.4
123,lorengau,pg,-2.0226,147.2712,81.52,100,32,7.36
124,mataura,pf,,,,,,
125,illoqqortoormiut,gl,,,,,,
126,broken hill,au,-31.9651,141.4511,73.08,48,0,11.16
127,busselton,au,-33.6445,115.3489,66.24,100,48,19.06
128,khatanga,ru,71.9801,102.4743,2.77,83,32,10.6
129,qaanaaq,gl,77.484,-69.3633,-19.11,52,32,6.35
130,rikitea,pf,-23.1203,-134.9692,79.09,98,0,20.07
131,zaraza,ve,9.3503,-65.325,93.49,41,0,13.62
132,iqaluit,ca,63.7494,-68.5219,-6.02,85,64,8.1
133,killybegs,ie,54.6333,-8.45,50.22,90,92,18.88
134,hobyo,so,5.3505,48.5268,79.18,87,92,11.83
135,bluff,nz,-46.6,168.3333,57.87,94,76,3.22
136,rikitea,pf,-23.1203,-134.9692,79.09,98,0,20.07
137,geraldton,au,-28.7667,114.6,67.21,100,76,7.81
138,punta arenas,cl,-53.1627,-70.9081,52.75,88,68,13.35
139,ushuaia,ar,-54.807,-68.3074,53.04,82,76,7.92
140,tuatapere,nz,-46.1324,167.6908,59.68,88,24,1.77
141,hobart,au,-42.8826,147.3281,57.31,98,88,2.84
142,kapaa,us,22.0752,-159.319,75.79,76,0,6.87
143,grindavik,is,63.8424,-22.4338,37.65,100,92,19.73
144,ushuaia,ar,-54.807,-68.3074,53.04,82,76,7.92
145,honiara,sb,-9.4313,159.9553,75.85,100,68,2.55
146,buala,sb,-8.1456,159.593,79.09,100,92,5.12
147,punta arenas,cl,-53.1627,-70.9081,52.75,88,68,13.35
148,busselton,au,-33.6445,115.3489,66.24,100,48,19.06
149,attawapiskat,ca,,,,,,
150,avarua,ck,-21.2078,-159.775,81.46,100,48,6.53
151,punta arenas,cl,-53.1627,-70.9081,52.75,88,68,13.35
152,nome,us,30.0358,-94.4244,74.97,43,0,5.86
153,busselton,au,-33.6445,115.3489,66.24,100,48,19.06
154,esperance,au,-33.8583,121.8932,62.35,95,8,6.53
155,hobart,au,-42.8826,147.3281,57.31,98,88,2.84
156,busselton,au,-33.6445,115.3489,66.24,100,48,19.06
157,chifeng,cn,42.2683,118.9636,9.43,63,68,2.62
158,hermanus,za,-34.4176,19.2361,59.63,93,64,4.34
159,diofior,sn,14.1893,-16.6613,69.76,45,12,10.67
160,yellamanchili,in,,,,,,
161,longyearbyen,sj,78.2186,15.6401,15.1,81,32,1.72
162,umzimvubu,za,,,,,,
163,georgetown,sh,-7.9334,-14.4167,81.7,100,0,15.3
164,vaini,to,-21.2001,-175.2,77.11,100,88,12.95
165,airai,pw,,,,,,
166,tuktoyaktuk,ca,69.444,-133.032,17.38,100,68,14.92
167,bend,us,44.0582,-121.3154,45.12,88,88,3.11
168,belushya guba,ru,,,,,,
169,punta arenas,cl,-53.1627,-70.9081,52.75,88,68,13.35
170,sentyabrskiy,ru,,,,,,
171,bredasdorp,za,-34.5331,20.0428,63.21,96,88,8.03
172,auki,sb,-8.7677,160.7034,79,100,68,3.74
173,ushuaia,ar,-54.807,-68.3074,53.04,82,76,7.92
174,dikson,ru,73.5069,80.5464,8.53,93,68,16.2
175,ushuaia,ar,-54.807,-68.3074,53.04,82,76,7.92
176,nizhneyansk,ru,,,,,,
177,luderitz,na,-26.6481,15.1594,62.44,74,0,18.1
178,bauchi,ng,10.3148,9.8454,80.71,61,36,2.84
179,tiksi,ru,71.6366,128.8685,-0.48,64,0,17.65
180,hermanus,za,-34.4176,19.2361,59.63,93,64,4.34
181,puerto narino,co,-3.7703,-70.3831,86.99,74,68,5.01
182,severo-kurilsk,ru,50.6789,156.125,19.69,100,36,3.06
183,havelock,us,34.8785,-76.9015,52.72,91,44,16.31
184,mar del plata,ar,-46.4276,-67.5191,68.56,38,44,7.43
185,carnarvon,au,-24.8667,113.6333,75.58,94,20,19.84
186,oriximina,br,-1.7656,-55.8662,82.33,86,24,2.33
187,cape town,za,-33.929,18.4174,64.35,93,8,19.44
188,granger,us,41.7523,-86.1142,38.86,97,8,12.35
189,punta arenas,cl,-53.1627,-70.9081,52.75,88,68,13.35
190,boende,cd,-0.2837,20.8826,76.48,86,32,1.77
191,hilo,us,19.7072,-155.0817,68.67,100,44,15.86
192,norman wells,ca,65.2824,-126.8328,45.59,91,36,2.51
193,bambous virieux,mu,-20.3428,57.7575,81.19,80,64,12.62
194,rikitea,pf,-23.1203,-134.9692,79.09,98,0,20.07
195,ushuaia,ar,-54.807,-68.3074,53.04,82,76,7.92
196,touros,br,-5.1989,-35.4609,82.24,85,0,5.41
197,hobart,au,-42.8826,147.3281,57.31,98,88,2.84
198,coahuayana,mx,18.6201,-100.3453,88.81,25,0,3.22
199,la ronge,ca,55.1004,-105.3013,50.7,53,0,2.89
200,upernavik,gl,72.7868,-56.1549,-12.72,100,20,4.52
201,codrington,ag,,,,,,
202,knysna,za,-34.0363,23.0471,59.99,97,0,1.1
203,rikitea,pf,-23.1203,-134.9692,79.09,98,0,20.07
204,ushuaia,ar,-54.807,-68.3074,53.04,82,76,7.92
205,hambantota,lk,6.1241,81.1185,78.82,100,8,6.31
206,puerto ayora,ec,-0.7394,-90.3518,83.64,83,8,7.36
207,hobart,au,-42.8826,147.3281,57.31,98,88,2.84
208,albany,au,-35.0248,117.8836,63.41,97,92,10.45
209,neiafu,to,-18.65,-173.9834,75.63,100,68,14.97
210,bandarbeyla,so,9.4942,50.8122,77.56,100,8,6.53
211,zhigansk,ru,66.7656,123.3741,-5.7,70,68,9.37
212,butaritari,ki,3.0707,172.7902,81.88,100,64,8.14
213,fuling,cn,29.7065,107.3911,53.26,100,100,3.11
214,harper,lr,4.377,-7.7141,82.96,100,24,8.55
215,upernavik,gl,72.7868,-56.1549,-12.72,100,20,4.52
216,atuona,pf,-9.8,-139.0334,81.16,100,24,15.64
217,albany,au,-35.0248,117.8836,63.41,97,92,10.45
218,berezovyy,ru,51.6667,135.7,-5.43,53,8,3.85
219,ponta do sol,cv,17.1994,-25.092,75,100,8,13.8
220,chifeng,cn,42.2683,118.9636,9.43,63,68,2.62
221,new norfolk,au,-42.7802,147.0615,56.88,99,92,3.29
222,tsihombe,mg,,,,,,
223,paralimni,cy,35.0375,33.9833,60.98,98,0,5.08
224,hobart,au,-42.8826,147.3281,57.31,98,88,2.84
225,rikitea,pf,-23.1203,-134.9692,79.09,98,0,20.07
226,tura,ru,64.2742,100.217,23.65,74,92,6.8
227,alice springs,au,-23.6984,133.8813,60.78,63,0,3.29
228,vostok,ru,46.448,135.8294,16,82,88,3.11
229,jiwani,pk,25.05,61.7417,66.85,92,12,5.75
230,rikitea,pf,-23.1203,-134.9692,79.09,98,0,20.07
231,zharkent,kz,44.1657,80.0027,25.18,69,12,1.88
232,peace river,ca,56.2337,-117.2911,63.61,51,32,3.4
233,mataura,pf,,,,,,
234,busselton,au,-33.6445,115.3489,66.24,100,48,19.06
235,sinnamary,gf,5.3772,-52.9574,81.07,91,0,9.37
236,puerto ayora,ec,-0.7394,-90.3518,83.64,83,8,7.36
237,marfino,ru,56.0719,37.5614,28.83,87,68,3.78
238,nizhniy kuranakh,ru,58.8353,125.4869,-5.61,66,24,2.51
239,hithadhoo,mv,-0.6,73.0833,84.31,100,88,6.91
240,longyearbyen,sj,78.2186,15.6401,15.1,81,32,1.72
241,manokwari,id,-0.8667,134.0833,80.71,100,48,14.58
242,barbosa ferraz,br,-24.0288,-52.0082,74.5,74,64,8.59
243,tynda,ru,55.1497,124.7376,-3.45,59,0,5.23
244,rikitea,pf,-23.1203,-134.9692,79.09,98,0,20.07
245,busselton,au,-33.6445,115.3489,66.24,100,48,19.06
246,nizhneyansk,ru,,,,,,
247,rikitea,pf,-23.1203,-134.9692,79.09,98,0,20.07
248,vaini,to,-21.2001,-175.2,77.11,100,88,12.95
249,rikitea,pf,-23.1203,-134.9692,79.09,98,0,20.07
250,qaanaaq,gl,77.484,-69.3633,-19.11,52,32,6.35
251,jamestown,sh,-15.9388,-5.7168,76.75,100,8,18.05
252,mar del plata,ar,-46.4276,-67.5191,68.56,38,44,7.43
253,ushuaia,ar,-54.807,-68.3074,53.04,82,76,7.92
254,itarema,br,-2.9248,-39.9167,78.64,94,80,4.52
255,hobart,au,-42.8826,147.3281,57.31,98,88,2.84
256,albany,au,-35.0248,117.8836,63.41,97,92,10.45
257,hirara,jp,24.8,125.2833,75.13,98,92,11.27
258,romny,ru,50.725,129.2894,1.15,69,0,9.44
259,bambous virieux,mu,-20.3428,57.7575,81.19,80,64,12.62
260,porto belo,br,-27.1543,-48.5425,74.53,100,80,15.48
261,okhotsk,ru,59.3644,143.2411,3.58,99,48,4.07
262,hermanus,za,-34.4176,19.2361,59.63,93,64,4.34
263,maracacume,br,-2.0428,-45.9592,77.02,96,92,4.41
264,rikitea,pf,-23.1203,-134.9692,79.09,98,0,20.07
265,bredasdorp,za,-34.5331,20.0428,63.21,96,88,8.03
266,georgetown,sh,-7.9334,-14.4167,81.7,100,0,15.3
267,punta arenas,cl,-53.1627,-70.9081,52.75,88,68,13.35
268,mount gambier,au,-37.8302,140.7843,63.48,98,92,3.06
269,qaanaaq,gl,77.484,-69.3633,-19.11,52,32,6.35
270,hermanus,za,-34.4176,19.2361,59.63,93,64,4.34
271,usevya,tz,,,,,,
272,panzhihua,cn,26.586,101.7179,48.22,40,0,4
273,teya,ru,60.3731,92.6306,29.05,77,88,8.43
274,rikitea,pf,-23.1203,-134.9692,79.09,98,0,20.07
275,ketchikan,us,55.3422,-131.6462,54.39,74,56,4.12
276,constitucion,mx,23.9912,-104.675,72.9,25,0,6.24
277,messini,gr,37.0514,22.008,47.89,66,0,3.85
278,bontang,id,0.1237,117.4717,80.98,99,48,7.54
279,ambanja,mg,-13.6759,48.4528,72.79,97,92,2.28
280,ust-omchug,ru,61.1332,149.6325,-8.22,71,68,3.33
281,puerto ayora,ec,-0.7394,-90.3518,83.64,83,8,7.36
282,ushuaia,ar,-54.807,-68.3074,53.04,82,76,7.92
283,homer,us,59.6441,-151.5402,40.41,90,92,21.18
284,klaksvik,fo,62.2266,-6.5891,42.96,93,88,14.97
285,shenkursk,ru,62.106,42.9077,31.39,91,68,5.12
286,georgetown,sh,-7.9334,-14.4167,81.7,100,0,15.3
287,nikolskoye,ru,59.7035,30.7861,38.39,92,92,7.54
288,bathsheba,bb,13.2167,-59.5167,81.27,100,76,10.16
289,ola,ru,59.5781,151.2991,20.86,87,80,26.49
290,avarua,ck,-21.2078,-159.775,81.46,100,48,6.53
291,barentsburg,sj,,,,,,
292,tasiilaq,gl,65.6145,-37.6368,18.84,97,80,46.35
293,hobart,au,-42.8826,147.3281,57.31,98,88,2.84
294,pevek,ru,69.7028,170.2747,-9.93,87,68,4.34
295,butaritari,ki,3.0707,172.7902,81.88,100,64,8.14
296,cap malheureux,mu,-19.9842,57.6142,80.37,100,68,19.39
297,ushuaia,ar,-54.807,-68.3074,53.04,82,76,7.92
298,mataura,pf,,,,,,
299,new norfolk,au,-42.7802,147.0615,56.88,99,92,3.29
300,ushuaia,ar,-54.807,-68.3074,53.04,82,76,7.92
301,turukhansk,ru,65.7954,87.9608,24.28,86,88,9.55
302,viligili,mv,,,,,,
303,pinotepa nacional,mx,,,,,,
304,puerto ayora,ec,-0.7394,-90.3518,83.64,83,8,7.36
305,punta arenas,cl,-53.1627,-70.9081,52.75,88,68,13.35
306,tuatapere,nz,-46.1324,167.6908,59.68,88,24,1.77
307,lake charles,us,30.2266,-93.2174,70.59,62,0,6.91
308,la ronge,ca,55.1004,-105.3013,50.7,53,0,2.89
309,lavrentiya,ru,65.5842,-170.989,2.95,100,80,35.84
310,rikitea,pf,-23.1203,-134.9692,79.09,98,0,20.07
311,smithers,ca,54.783,-127.1703,57.85,61,0,2.55
312,hilo,us,19.7072,-155.0817,68.67,100,44,15.86
313,cabo san lucas,mx,22.8938,-109.9112,77.45,88,0,2.28
314,tura,ru,64.2742,100.217,23.65,74,92,6.8
315,puerto ayora,ec,-0.7394,-90.3518,83.64,83,8,7.36
316,bluff,nz,-46.6,168.3333,57.87,94,76,3.22
317,puerto ayora,ec,-0.7394,-90.3518,83.64,83,8,7.36
318,iranshahr,ir,27.207,60.6883,56.66,63,36,3.06
319,mount isa,au,-20.729,139.4932,72.86,59,0,9.04
320,tsihombe,mg,,,,,,
321,nizhneyansk,ru,,,,,,
322,nikolskoye,ru,59.7035,30.7861,38.39,92,92,7.54
323,sao filipe,cv,14.8961,-24.4956,70.81,96,12,13.4
324,pietarsaari,fi,,,,,,
325,bataipora,br,-22.2953,-53.2712,76.48,81,88,10.04
326,dhidhdhoo,mv,6.8833,73.1,84.85,97,0,9.93
327,bambous virieux,mu,-20.3428,57.7575,81.19,80,64,12.62
328,jamestown,sh,-15.9388,-5.7168,76.75,100,8,18.05
329,dolbeau,ca,,,,,,
330,ponta do sol,cv,17.1994,-25.092,75,100,8,13.8
331,bathsheba,bb,13.2167,-59.5167,81.27,100,76,10.16
332,longyearbyen,sj,78.2186,15.6401,15.1,81,32,1.72
333,mataura,pf,,,,,,
334,nome,us,30.0358,-94.4244,74.97,43,0,5.86
335,isangel,vu,-19.55,169.2667,80.53,100,64,15.41
336,kapaa,us,22.0752,-159.319,75.79,76,0,6.87
337,jamestown,sh,-15.9388,-5.7168,76.75,100,8,18.05
338,castro,cl,-42.4824,-73.7644,58.42,96,92,3.85
339,hermanus,za,-34.4176,19.2361,59.63,93,64,4.34
340,provideniya,ru,64.4238,-173.2276,5.38,100,64,22.35
341,magaria,ne,13.0009,8.9089,89.62,46,88,0.98
342,thompson,ca,55.7433,-97.8635,35.06,54,0,9.89
343,rikitea,pf,-23.1203,-134.9692,79.09,98,0,20.07
344,zilair,ru,52.2337,57.4415,18.61,79,12,2.84
345,roald,no,62.5838,6.1242,36.64,90,88,15.86
346,luau,ao,-10.7073,22.2247,70.36,86,48,2.06
347,staryy nadym,ru,65.6118,72.6842,24.91,84,76,7.09
348,busselton,au,-33.6445,115.3489,66.24,100,48,19.06
349,hermanus,za,-34.4176,19.2361,59.63,93,64,4.34
350,acajutla,sv,13.5905,-89.8329,92.41,38,12,4.41
351,mataura,pf,,,,,,
352,port alfred,za,-33.5906,26.891,63.1,98,0,11.12
353,busselton,au,-33.6445,115.3489,66.24,100,48,19.06
354,rikitea,pf,-23.1203,-134.9692,79.09,98,0,20.07
355,saldanha,za,-33.0117,17.9442,60.98,82,8,20.74
356,tuatapere,nz,-46.1324,167.6908,59.68,88,24,1.77
357,saint-philippe,re,-21.3586,55.7679,77.09,100,88,11.79
358,vaini,to,-21.2001,-175.2,77.11,100,88,12.95
359,xiangfan,cn,,,,,,
360,laguna,br,,,,,,
361,jamestown,sh,-15.9388,-5.7168,76.75,100,8,18.05
362,bengkulu,id,,,,,,
363,kapaa,us,22.0752,-159.319,75.79,76,0,6.87
364,grootfontein,na,-19.5645,18.1041,70.93,32,8,7.31
365,hermanus,za,-34.4176,19.2361,59.63,93,64,4.34
366,rikitea,pf,-23.1203,-134.9692,79.09,98,0,20.07
367,samusu,ws,,,,,,
368,barentsburg,sj,,,,,,
369,kitgum,ug,3.2965,32.8818,73.33,49,0,6.64
370,punta arenas,cl,-53.1627,-70.9081,52.75,88,68,13.35
371,carnarvon,au,-24.8667,113.6333,75.58,94,20,19.84
372,polyarnyy,ru,69.1989,33.4478,23.74,94,20,5.64
373,clyde river,ca,70.4692,-68.5915,-13.29,80,44,6.24
374,tsihombe,mg,,,,,,
375,rikitea,pf,-23.1203,-134.9692,79.09,98,0,20.07
376,saldanha,za,-33.0117,17.9442,60.98,82,8,20.74
377,hukuntsi,bw,-23.9843,21.757,72.43,23,0,9.6
378,albany,au,-35.0248,117.8836,63.41,97,92,10.45
379,urubicha,bo,-15.6286,-63.0846,72.25,78,64,4.34
380,hermanus,za,-34.4176,19.2361,59.63,93,64,4.34
381,vaitupu,wf,,,,,,
382,qaanaaq,gl,77.484,-69.3633,-19.11,52,32,6.35
383,hearst,ca,49.6907,-83.6664,34.81,91,88,7.54
384,provideniya,ru,64.4238,-173.2276,5.38,100,64,22.35
385,barrow,us,39.5062,-90.4016,52.25,68,0,14.58
386,ushuaia,ar,-54.807,-68.3074,53.04,82,76,7.92
387,amderma,ru,,,,,,
388,mataura,pf,,,,,,
389,sovetskiy,ru,56.763,48.4743,18.97,76,24,4.52
390,upernavik,gl,72.7868,-56.1549,-12.72,100,20,4.52
391,rikitea,pf,-23.1203,-134.9692,79.09,98,0,20.07
392,taolanaro,mg,,,,,,
393,nanortalik,gl,60.1432,-45.2372,21.31,100,64,28.39
394,azrow,af,,,,,,
395,ushuaia,ar,-54.807,-68.3074,53.04,82,76,7.92
396,bluff,nz,-46.6,168.3333,57.87,94,76,3.22
397,namatanai,pg,-3.6642,152.4407,83.5,98,24,6.31
398,pangnirtung,ca,66.149,-65.7179,-16.35,44,0,3.78
399,mataura,pf,,,,,,
400,muravlenko,ru,63.7948,74.4969,27.88,86,80,8.43
401,albany,au,-35.0248,117.8836,63.41,97,92,10.45
402,eureka,us,40.8021,-124.1637,55.33,82,0,4.63
403,mokhotlong,ls,-29.2895,29.0632,40.21,85,0,1.61
404,oksfjord,no,70.2396,22.3479,34.18,95,76,18.72
405,esperance,au,-33.8583,121.8932,62.35,95,8,6.53
406,tomatlan,mx,19.9333,-105.25,83.59,57,0,4.9
407,albany,au,-35.0248,117.8836,63.41,97,92,10.45
408,asyut,eg,27.1802,31.1877,53.33,72,0,3.89
409,walvis bay,na,-22.9544,14.5075,61.45,100,0,7.14
410,rikitea,pf,-23.1203,-134.9692,79.09,98,0,20.07
411,saskylakh,ru,71.965,114.0939,8.53,77,76,10.04
412,mataura,pf,,,,,,
413,albany,au,-35.0248,117.8836,63.41,97,92,10.45
414,mount isa,au,-20.729,139.4932,72.86,59,0,9.04
415,rikitea,pf,-23.1203,-134.9692,79.09,98,0,20.07
416,ribeira grande,pt,38.5167,-28.7001,62.26,98,44,10.27
417,geraldton,au,-28.7667,114.6,67.21,100,76,7.81
418,new norfolk,au,-42.7802,147.0615,56.88,99,92,3.29
419,avarua,ck,-21.2078,-159.775,81.46,100,48,6.53
420,guanambi,br,-14.2231,-42.78,75.22,84,92,3.22
421,castanheira de pera,pt,40.0047,-8.2092,49.84,70,0,0.2
422,saint anthony,ca,,,,,,
423,thompson,ca,55.7433,-97.8635,35.06,54,0,9.89
424,gamba,ga,-2.7243,10.02,84.31,93,56,9.04
425,east london,za,-33.0153,27.9116,63.43,100,12,11.34
426,upernavik,gl,72.7868,-56.1549,-12.72,100,20,4.52
427,monterey,us,36.6003,-121.8947,58.08,83,8,5.35
428,ushuaia,ar,-54.807,-68.3074,53.04,82,76,7.92
429,tura,ru,64.2742,100.217,23.65,74,92,6.8
430,hilo,us,19.7072,-155.0817,68.67,100,44,15.86
431,jamestown,sh,-15.9388,-5.7168,76.75,100,8,18.05
432,ushuaia,ar,-54.807,-68.3074,53.04,82,76,7.92
433,bredasdorp,za,-34.5331,20.0428,63.21,96,88,8.03
434,mount gambier,au,-37.8302,140.7843,63.48,98,92,3.06
435,attawapiskat,ca,,,,,,
436,sawakin,sd,19.1031,37.3312,62.53,100,0,2.33
437,sumbe,ao,-11.202,13.8397,80.71,100,32,8.25
438,fatehpur,pk,31.1782,71.206,57.85,70,0,2.73
439,hilo,us,19.7072,-155.0817,68.67,100,44,15.86
440,pevek,ru,69.7028,170.2747,-9.93,87,68,4.34
441,atuona,pf,-9.8,-139.0334,81.16,100,24,15.64
442,itaituba,br,-4.2626,-55.9879,88.14,70,20,2.51
443,busselton,au,-33.6445,115.3489,66.24,100,48,19.06
444,punta arenas,cl,-53.1627,-70.9081,52.75,88,68,13.35
445,nikolskoye,ru,59.7035,30.7861,38.39,92,92,7.54
446,ushuaia,ar,-54.807,-68.3074,53.04,82,76,7.92
447,mataura,pf,,,,,,
448,dingle,ie,52.1408,-10.2689,52.32,91,76,20.67
449,aklavik,ca,68.2183,-135.0136,17.83,85,80,19.73
450,havoysund,no,70.9963,24.6622,32.72,92,44,27.22
451,kodiak,us,39.9519,-94.7572,53.4,88,0,7.54
452,brunsbuttel,de,53.9,9.15,45.73,93,56,5.41
453,talnakh,ru,69.494,88.3908,23.2,88,88,7.54
454,bluff,nz,-46.6,168.3333,57.87,94,76,3.22
455,tiksi,ru,71.6366,128.8685,-0.48,64,0,17.65
456,little current,ca,45.98,-81.9268,35.42,88,76,8.59
457,vaini,to,-21.2001,-175.2,77.11,100,88,12.95
458,port alfred,za,-33.5906,26.891,63.1,98,0,11.12
459,ambilobe,mg,-13.1945,49.05,73.15,97,24,2.73
460,kapaa,us,22.0752,-159.319,75.79,76,0,6.87
461,mataura,pf,,,,,,
462,tyubuk,ru,56.0509,60.9404,26.4,73,76,2.77
463,khatanga,ru,71.9801,102.4743,2.77,83,32,10.6
464,los llanos de aridane,es,28.6585,-17.9183,62.31,100,8,18.66
465,hermanus,za,-34.4176,19.2361,59.63,93,64,4.34
466,saint-philippe,re,-21.3586,55.7679,77.09,100,88,11.79
467,vaini,to,-21.2001,-175.2,77.11,100,88,12.95
468,marzuq,ly,,,,,,
469,qaanaaq,gl,77.484,-69.3633,-19.11,52,32,6.35
470,illoqqortoormiut,gl,,,,,,
471,hailar,cn,49.2,119.7,14.47,56,56,3.29
472,pisco,pe,-13.71,-76.203,75.04,62,8,6.53
473,taolanaro,mg,,,,,,
474,rikitea,pf,-23.1203,-134.9692,79.09,98,0,20.07
475,kirakira,sb,-10.4569,161.9202,84.4,100,76,8.43
476,hermanus,za,-34.4176,19.2361,59.63,93,64,4.34
477,rocha,uy,-34.4811,-54.3366,66.13,54,8,4.23
478,san cristobal,ec,-1.0243,-79.4413,65.14,100,88,2.51
479,hobart,au,-42.8826,147.3281,57.31,98,88,2.84
480,kruisfontein,za,-34.0034,24.7314,61,86,0,7.58
481,albany,au,-35.0248,117.8836,63.41,97,92,10.45
482,okhotsk,ru,59.3644,143.2411,3.58,99,48,4.07
483,ulladulla,au,-35.3622,150.4752,64.94,100,76,7.14
484,palabuhanratu,id,,,,,,
485,bilibino,ru,68.055,166.4449,-16.86,47,0,2.21
486,provideniya,ru,64.4238,-173.2276,5.38,100,64,22.35
487,saleaula,ws,,,,,,
488,albany,au,-35.0248,117.8836,63.41,97,92,10.45
489,yellowknife,ca,62.4541,-114.3774,38.55,87,0,18.84
490,palabuhanratu,id,,,,,,
491,yellowknife,ca,62.4541,-114.3774,38.55,87,0,18.84
492,longyearbyen,sj,78.2186,15.6401,15.1,81,32,1.72
493,rikitea,pf,-23.1203,-134.9692,79.09,98,0,20.07
494,kodiak,us,39.9519,-94.7572,53.4,88,0,7.54
495,yellowknife,ca,62.4541,-114.3774,38.55,87,0,18.84
496,bullhead city,us,35.1478,-114.5683,63.34,34,80,10.38
497,albany,au,-35.0248,117.8836,63.41,97,92,10.45
498,sorong,id,-0.8635,131.2545,80.35,100,68,5.91
499,rikitea,pf,-23.1203,-134.9692,79.09,98,0,20.07
500,canico,pt,32.6333,-16.85,62.92,100,36,20.85
501,busselton,au,-33.6445,115.3489,66.24,100,48,19.06
502,kirakira,sb,-10.4569,161.9202,84.4,100,76,8.43
503,isiro,cd,2.7743,27.6208,73.78,74,12,2.77
504,mar del plata,ar,-46.4276,-67.5191,68.56,38,44,7.43
505,san felipe,ph,15.0611,120.0703,73.13,100,0,6.42
506,mahebourg,mu,-20.4081,57.7,81.12,80,64,12.62
507,azimur,ma,,,,,,
508,namatanai,pg,-3.6642,152.4407,83.5,98,24,6.31
509,mar del plata,ar,-46.4276,-67.5191,68.56,38,44,7.43
510,darhan,mn,49.4867,105.9228,16.81,77,48,5.53
511,lagoa,pt,37.1363,-8.4541,52,43,0,6.76
512,cabo san lucas,mx,22.8938,-109.9112,77.45,88,0,2.28
513,khatanga,ru,71.9801,102.4743,2.77,83,32,10.6
514,cherskiy,ru,68.75,161.3,-22.35,33,0,2.21
515,kapaa,us,22.0752,-159.319,75.79,76,0,6.87
516,rikitea,pf,-23.1203,-134.9692,79.09,98,0,20.07
517,weinan,cn,34.5037,109.4573,33.93,75,80,2.39
518,arraial do cabo,br,-22.9663,-42.0245,79.14,88,92,18.88
519,luoyang,cn,34.6557,112.421,35.53,87,76,2.55
520,rawannawi,ki,,,,,,
521,punta arenas,cl,-53.1627,-70.9081,52.75,88,68,13.35
522,haines junction,ca,60.7527,-137.5101,43.18,58,0,2.77
523,buraydah,sa,26.3317,43.9717,63.01,46,0,10.56
524,upernavik,gl,72.7868,-56.1549,-12.72,100,20,4.52
525,punta arenas,cl,-53.1627,-70.9081,52.75,88,68,13.35
526,rikitea,pf,-23.1203,-134.9692,79.09,98,0,20.07
527,barawe,so,,,,,,
528,bluff,nz,-46.6,168.3333,57.87,94,76,3.22
529,manyana,bw,-24.7752,25.5922,62.53,25,0,7.58
530,bredasdorp,za,-34.5331,20.0428,63.21,96,88,8.03
531,puerto escondido,mx,15.8624,-97.0717,82.62,100,0,6.13
532,bethel,us,60.7922,-161.7559,37.45,93,64,7.25
533,itarema,br,-2.9248,-39.9167,78.64,94,80,4.52
534,rikitea,pf,-23.1203,-134.9692,79.09,98,0,20.07
535,arraial do cabo,br,-22.9663,-42.0245,79.14,88,92,18.88
536,klaksvik,fo,62.2266,-6.5891,42.96,93,88,14.97
537,barentsburg,sj,,,,,,
538,birecik,tr,37.0282,37.9791,49.37,66,0,2.84
539,karratha,au,-20.7371,116.8479,84.4,67,44,16.71
540,irara,br,-12.05,-38.7667,83.68,74,0,3
541,new norfolk,au,-42.7802,147.0615,56.88,99,92,3.29
542,castro,cl,-42.4824,-73.7644,58.42,96,92,3.85
543,albany,au,-35.0248,117.8836,63.41,97,92,10.45
544,lebu,cl,-37.6167,-73.6501,57.31,92,76,4.12
545,chumphon,th,10.4981,99.1782,72.79,86,0,2.33
546,rikitea,pf,-23.1203,-134.9692,79.09,98,0,20.07
547,albany,au,-35.0248,117.8836,63.41,97,92,10.45
548,vao,nc,-22.6667,167.4833,79.54,98,80,12.06
549,formosa do rio preto,br,-11.0415,-45.1904,81.79,70,88,5.01
550,hobart,au,-42.8826,147.3281,57.31,98,88,2.84
551,pisco,pe,-13.71,-76.203,75.04,62,8,6.53
552,clyde river,ca,70.4692,-68.5915,-13.29,80,44,6.24
553,touros,br,-5.1989,-35.4609,82.24,85,0,5.41
554,el tigre,ve,8.8872,-64.2531,95.29,30,0,12.28
555,norman wells,ca,65.2824,-126.8328,45.59,91,36,2.51
556,punta arenas,cl,-53.1627,-70.9081,52.75,88,68,13.35
557,sao filipe,cv,14.8961,-24.4956,70.81,96,12,13.4
558,port elizabeth,za,-33.918,25.5701,64.92,100,44,15.08
559,tuktoyaktuk,ca,69.444,-133.032,17.38,100,68,14.92
560,whakatane,nz,-37.9586,176.9854,64.67,100,64,7.02
561,ambanja,mg,-13.6759,48.4528,72.79,97,92,2.28
562,kawalu,id,-7.3817,108.2082,65.41,93,48,2.06
563,sinnamary,gf,5.3772,-52.9574,81.07,91,0,9.37
564,soe,id,-9.8608,124.284,67.48,92,8,2.21
565,beian,cn,,,,,,
566,ushuaia,ar,-54.807,-68.3074,53.04,82,76,7.92
567,kapaa,us,22.0752,-159.319,75.79,76,0,6.87
568,morwa,in,22.9043,73.8402,62.35,54,0,2.21
569,hilo,us,19.7072,-155.0817,68.67,100,44,15.86
570,meulaboh,id,4.1363,96.1285,78.01,100,8,2.77
571,gorele,tr,41.0308,39.0031,39.51,94,76,1.32
572,bluff,nz,-46.6,168.3333,57.87,94,76,3.22
573,dingle,ie,52.1408,-10.2689,52.32,91,76,20.67
574,codrington,ag,,,,,,
575,vardo,no,70.3705,31.1107,25.95,100,0,17.94
576,arraial do cabo,br,-22.9663,-42.0245,79.14,88,92,18.88
577,busselton,au,-33.6445,115.3489,66.24,100,48,19.06
578,kiruna,se,67.8551,20.2255,25.9,56,0,14.36
579,ishigaki,jp,24.3448,124.1572,75.31,99,88,10.04
580,butaritari,ki,3.0707,172.7902,81.88,100,64,8.14
581,puerto ayora,ec,-0.7394,-90.3518,83.64,83,8,7.36
582,chapais,ca,49.7839,-74.8569,39.09,83,80,11.56
583,illoqqortoormiut,gl,,,,,,
584,santa maria,cv,16.6,-22.9,72.27,98,0,15.64
585,mahebourg,mu,-20.4081,57.7,81.12,80,64,12.62
586,limoux,fr,43.0538,2.2177,38.3,67,0,1.61
587,leningradskiy,ru,69.3833,178.4167,-13.62,84,8,3.4
588,bluff,nz,-46.6,168.3333,57.87,94,76,3.22
589,busselton,au,-33.6445,115.3489,66.24,100,48,19.06
590,taolanaro,mg,,,,,,
591,cape town,za,-33.929,18.4174,64.35,93,8,19.44
592,port elizabeth,za,-33.918,25.5701,64.92,100,44,15.08
593,andenes,no,69.3143,16.1194,36.52,100,76,36.06
594,barentsburg,sj,,,,,,
595,kamaishi,jp,39.2793,141.864,47.86,73,56,12.06
596,tasiilaq,gl,65.6145,-37.6368,18.84,97,80,46.35
597,hobart,au,-42.8826,147.3281,57.31,98,88,2.84
598,kapustin yar,ru,48.5756,45.7669,34.36,82,56,4.29
599,pisco,pe,-13.71,-76.203,75.04,62,8,6.53
600,nam som,th,17.7716,102.1889,68.29,76,0,2.28
601,kushiro,jp,43.1128,144.1501,39.85,82,0,18.05
602,tasiilaq,gl,65.6145,-37.6368,18.84,97,80,46.35
603,hermanus,za,-34.4176,19.2361,59.63,93,64,4.34
604,vanimo,pg,-2.6741,141.3028,81.88,100,68,17.6
605,taolanaro,mg,,,,,,
606,punta arenas,cl,-53.1627,-70.9081,52.75,88,68,13.35
607,longyearbyen,sj,78.2186,15.6401,15.1,81,32,1.72
608,coahuayana,mx,18.6201,-100.3453,88.81,25,0,3.22
609,east london,za,-33.0153,27.9116,63.43,100,12,11.34
610,turmalina,br,-17.2861,-42.7315,74.41,86,88,3.29
611,tasiilaq,gl,65.6145,-37.6368,18.84,97,80,46.35
612,maniitsoq,gl,65.4167,-52.9001,-2.82,100,32,6.53
613,hilo,us,19.7072,-155.0817,68.67,100,44,15.86
614,ushuaia,ar,-54.807,-68.3074,53.04,82,76,7.92
615,iqaluit,ca,63.7494,-68.5219,-6.02,85,64,8.1
616,saint-joseph,re,-21.3667,55.6167,77.07,100,88,11.79
617,vaini,to,-21.2001,-175.2,77.11,100,88,12.95
618,atuona,pf,-9.8,-139.0334,81.16,100,24,15.64
619,washim,in,20.1029,77.1354,70.63,40,0,6.31
620,samusu,ws,,,,,,
621,souillac,mu,-20.5167,57.5167,81.14,80,64,12.62
622,dehloran,ir,32.6915,47.2675,43.99,56,0,2.84
623,okhotsk,ru,59.3644,143.2411,3.58,99,48,4.07
624,illoqqortoormiut,gl,,,,,,
625,hamilton,bm,32.2956,-64.7828,67.53,96,68,4.63
626,kodiak,us,39.9519,-94.7572,53.4,88,0,7.54
627,kruisfontein,za,-34.0034,24.7314,61,86,0,7.58
628,nova olimpia,br,-14.7973,-57.2881,78.37,84,92,7.81
629,bengkalis,id,,,,,,
630,airai,pw,,,,,,
631,bluff,nz,-46.6,168.3333,57.87,94,76,3.22
632,pochutla,mx,15.7432,-96.4661,84.34,100,12,4.12
633,gimli,ca,50.6323,-96.9882,35.98,88,0,9.6
634,jumla,np,29.2754,82.1825,22.84,87,56,1.83
635,ordzhonikidze,ua,44.9641,35.358,42.01,91,0,9.78
636,atuona,pf,-9.8,-139.0334,81.16,100,24,15.64
637,thompson,ca,55.7433,-97.8635,35.06,54,0,9.89
638,hilo,us,19.7072,-155.0817,68.67,100,44,15.86
639,tiruvottiyur,in,,,,,,
640,punta arenas,cl,-53.1627,-70.9081,52.75,88,68,13.35
641,new norfolk,au,-42.7802,147.0615,56.88,99,92,3.29
642,kaitangata,nz,-46.2818,169.8464,62.89,86,56,4
643,saint-philippe,re,-21.3586,55.7679,77.09,100,88,11.79
644,castro,cl,-42.4824,-73.7644,58.42,96,92,3.85
645,aloleng,ph,16.1307,119.7824,76.03,100,0,6.02
646,domoni,km,-12.257,44.5319,84.31,100,0,3.33
647,loja,es,37.1661,-4.1492,44.22,83,8,2.51
648,ranong,th,9.9601,98.6239,83.68,97,0,5.35
649,narsaq,gl,60.9127,-46.0453,5.11,57,8,8.37
650,amderma,ru,,,,,,
651,hasaki,jp,35.7333,140.8333,60.67,95,64,3.4
652,vaini,to,-21.2001,-175.2,77.11,100,88,12.95
653,pingliang,cn,35.541,106.6799,26.53,67,68,1.1
654,norman wells,ca,65.2824,-126.8328,45.59,91,36,2.51
655,wanning,cn,18.8003,110.3967,76.57,93,48,9.55
656,guerrero negro,mx,27.971,-114.0364,69.46,43,56,14.7
657,cidreira,br,-30.1658,-50.2184,69.01,69,0,7.31
658,kieta,pg,-6.2167,155.6333,80.17,100,92,3.89
659,avarua,ck,-21.2078,-159.775,81.46,100,48,6.53
660,la rioja,ar,-29.4128,-66.8559,67.48,72,24,3.62
661,punta arenas,cl,-53.1627,-70.9081,52.75,88,68,13.35
662,lebu,cl,-37.6167,-73.6501,57.31,92,76,4.12
663,shelburne,ca,44.0785,-80.2035,43.29,83,68,9.15
664,kapaa,us,22.0752,-159.319,75.79,76,0,6.87
665,atuona,pf,-9.8,-139.0334,81.16,100,24,15.64
666,mataura,pf,,,,,,
667,upernavik,gl,72.7868,-56.1549,-12.72,100,20,4.52
668,albany,au,-35.0248,117.8836,63.41,97,92,10.45
669,batagay,ru,67.6549,134.6351,-31.17,0,0,2.89
670,belushya guba,ru,,,,,,
671,taolanaro,mg,,,,,,
672,hobart,au,-42.8826,147.3281,57.31,98,88,2.84
673,lagoa,pt,37.1363,-8.4541,52,43,0,6.76
674,norman wells,ca,65.2824,-126.8328,45.59,91,36,2.51
675,tiksi,ru,71.6366,128.8685,-0.48,64,0,17.65
676,khandbari,np,27.3778,87.2081,28.51,72,0,1.1
677,praia da vitoria,pt,38.7333,-27.0667,63.36,100,68,7.09
678,yellowknife,ca,62.4541,-114.3774,38.55,87,0,18.84
679,kapaa,us,22.0752,-159.319,75.79,76,0,6.87
680,barrow,us,39.5062,-90.4016,52.25,68,0,14.58
681,sao joao da ponte,br,-15.9292,-44.0078,76.57,84,80,2.89
682,hilo,us,19.7072,-155.0817,68.67,100,44,15.86
683,buraydah,sa,26.3317,43.9717,63.01,46,0,10.56
684,castro,cl,-42.4824,-73.7644,58.42,96,92,3.85
685,busselton,au,-33.6445,115.3489,66.24,100,48,19.06
686,port elizabeth,za,-33.918,25.5701,64.92,100,44,15.08
687,sumbe,ao,-11.202,13.8397,80.71,100,32,8.25
688,hobart,au,-42.8826,147.3281,57.31,98,88,2.84
689,lebanon,us,43.643,-72.2516,41.79,63,88,5.91
690,sao filipe,cv,14.8961,-24.4956,70.81,96,12,13.4
691,hermanus,za,-34.4176,19.2361,59.63,93,64,4.34
692,hilo,us,19.7072,-155.0817,68.67,100,44,15.86
693,chokurdakh,ru,70.6192,147.9022,-24.87,37,8,9.15
694,san ignacio,pe,-5.146,-79.0037,64.96,80,76,1.61
695,kholodnyy,ru,62.7167,147.95,-18.12,46,44,2.73
696,torbay,ca,47.6577,-52.727,36.54,78,0,12.57
697,kuche,cn,,,,,,
698,portland,au,-33.3484,149.9844,58.26,94,56,2.77
699,abu samrah,qa,,,,,,
700,grindavik,is,63.8424,-22.4338,37.65,100,92,19.73
701,olafsvik,is,,,,,,
702,cape town,za,-33.929,18.4174,64.35,93,8,19.44
703,cabadiangan,ph,10.4526,123.9846,78.6,100,44,13.62
704,tsihombe,mg,,,,,,
705,albany,au,-35.0248,117.8836,63.41,97,92,10.45
706,chegdomyn,ru,51.1345,133.0356,-0.48,60,20,2.62
707,ushuaia,ar,-54.807,-68.3074,53.04,82,76,7.92
708,bredasdorp,za,-34.5331,20.0428,63.21,96,88,8.03
709,rikitea,pf,-23.1203,-134.9692,79.09,98,0,20.07
710,hithadhoo,mv,-0.6,73.0833,84.31,100,88,6.91
711,rikitea,pf,-23.1203,-134.9692,79.09,98,0,20.07
712,barrow,us,39.5062,-90.4016,52.25,68,0,14.58
713,narsaq,gl,60.9127,-46.0453,5.11,57,8,8.37
714,punta arenas,cl,-53.1627,-70.9081,52.75,88,68,13.35
715,hermanus,za,-34.4176,19.2361,59.63,93,64,4.34
716,marcona,pe,,,,,,
717,saskylakh,ru,71.965,114.0939,8.53,77,76,10.04
718,avarua,ck,-21.2078,-159.775,81.46,100,48,6.53
719,guanare,ve,9.0408,-69.7413,95.11,40,32,4.63
720,hithadhoo,mv,-0.6,73.0833,84.31,100,88,6.91
721,upernavik,gl,72.7868,-56.1549,-12.72,100,20,4.52
722,port hardy,ca,50.6996,-127.4199,57.74,67,0,1.39
723,bethel,us,60.7922,-161.7559,37.45,93,64,7.25
724,nehe,cn,48.4812,124.8768,10.96,44,36,3.11
725,tuatapere,nz,-46.1324,167.6908,59.68,88,24,1.77
726,olinda,br,-22.8173,-43.4117,76.24,97,92,7.25
727,rikitea,pf,-23.1203,-134.9692,79.09,98,0,20.07
728,bredasdorp,za,-34.5331,20.0428,63.21,96,88,8.03
729,oranjemund,na,-28.55,16.4333,62.8,91,0,28.27
730,ossora,ru,59.2353,163.0719,27.25,89,76,15.64
731,bambous virieux,mu,-20.3428,57.7575,81.19,80,64,12.62
732,severo-kurilsk,ru,50.6789,156.125,19.69,100,36,3.06
733,hithadhoo,mv,-0.6,73.0833,84.31,100,88,6.91
734,carnarvon,au,-24.8667,113.6333,75.58,94,20,19.84
735,nizhneyansk,ru,,,,,,
736,aanekoski,fi,62.6,25.7333,37.89,69,48,13.18
737,vaini,to,-21.2001,-175.2,77.11,100,88,12.95
738,vaini,to,-21.2001,-175.2,77.11,100,88,12.95
739,clyde river,ca,70.4692,-68.5915,-13.29,80,44,6.24
740,bengkulu,id,,,,,,
741,saint-philippe,re,-21.3586,55.7679,77.09,100,88,11.79
742,palabuhanratu,id,,,,,,
743,nha trang,vn,12.2432,109.1899,74.91,100,12,2.62
744,airai,pw,,,,,,
745,piopio,nz,-38.4676,175.0145,67.55,79,32,4
746,georgetown,sh,-7.9334,-14.4167,81.7,100,0,15.3
747,baykit,ru,61.6784,96.3854,24.46,82,88,9.89
748,tuktoyaktuk,ca,69.444,-133.032,17.38,100,68,14.92
749,khatanga,ru,71.9801,102.4743,2.77,83,32,10.6
750,lavrentiya,ru,65.5842,-170.989,2.95,100,80,35.84
751,atuona,pf,-9.8,-139.0334,81.16,100,24,15.64
752,thompson,ca,55.7433,-97.8635,35.06,54,0,9.89
753,grand island,us,40.9243,-98.3387,56.1,79,0,4.63
754,bluff,nz,-46.6,168.3333,57.87,94,76,3.22
755,hermanus,za,-34.4176,19.2361,59.63,93,64,4.34
756,midland,us,31.9974,-102.078,66.22,48,44,9.37
757,ribeira grande,pt,38.5167,-28.7001,62.26,98,44,10.27
758,manakara,mg,-22.145,48.0066,74.86,100,56,0.87
759,hermanus,za,-34.4176,19.2361,59.63,93,64,4.34
760,quelimane,mz,-17.8776,36.8902,75.31,96,80,3.29
761,hearst,ca,49.6907,-83.6664,34.81,91,88,7.54
762,saskylakh,ru,71.965,114.0939,8.53,77,76,10.04
763,taolanaro,mg,,,,,,
764,kapaa,us,22.0752,-159.319,75.79,76,0,6.87
765,vanimo,pg,-2.6741,141.3028,81.88,100,68,17.6
766,te anau,nz,-45.4145,167.7175,58.75,88,68,3.4
767,shimoda,jp,34.701,138.9287,60.78,93,24,24.47
768,ushuaia,ar,-54.807,-68.3074,53.04,82,76,7.92
769,albany,au,-35.0248,117.8836,63.41,97,92,10.45
770,warrington,us,40.2493,-75.1341,46.65,96,92,12.95
771,hobart,au,-42.8826,147.3281,57.31,98,88,2.84
772,kapaa,us,22.0752,-159.319,75.79,76,0,6.87
773,butaritari,ki,3.0707,172.7902,81.88,100,64,8.14
774,punta arenas,cl,-53.1627,-70.9081,52.75,88,68,13.35
775,bokspits,bw,,,,,,
776,albany,au,-35.0248,117.8836,63.41,97,92,10.45
777,georgetown,sh,-7.9334,-14.4167,81.7,100,0,15.3
778,hithadhoo,mv,-0.6,73.0833,84.31,100,88,6.91
779,tilichiki,ru,60.4667,166.1,6.55,86,20,6.35
780,barrow,us,39.5062,-90.4016,52.25,68,0,14.58
781,bethel,us,60.7922,-161.7559,37.45,93,64,7.25
782,ushuaia,ar,-54.807,-68.3074,53.04,82,76,7.92
783,carnarvon,au,-24.8667,113.6333,75.58,94,20,19.84
784,port alfred,za,-33.5906,26.891,63.1,98,0,11.12
785,ponta do sol,cv,17.1994,-25.092,75,100,8,13.8
786,jamestown,sh,-15.9388,-5.7168,76.75,100,8,18.05
787,rikitea,pf,-23.1203,-134.9692,79.09,98,0,20.07
788,port alfred,za,-33.5906,26.891,63.1,98,0,11.12
789,atuona,pf,-9.8,-139.0334,81.16,100,24,15.64
790,punta arenas,cl,-53.1627,-70.9081,52.75,88,68,13.35
791,tuatapere,nz,-46.1324,167.6908,59.68,88,24,1.77
792,dikson,ru,73.5069,80.5464,8.53,93,68,16.2
793,hasaki,jp,35.7333,140.8333,60.67,95,64,3.4
794,hamada,jp,34.8991,132.0799,56.19,87,92,10.6
795,atuona,pf,-9.8,-139.0334,81.16,100,24,15.64
796,yellowknife,ca,62.4541,-114.3774,38.55,87,0,18.84
797,kapaa,us,22.0752,-159.319,75.79,76,0,6.87
798,husavik,is,66.0449,-17.3389,31.91,90,0,8.14
799,bilma,ne,18.6929,12.9187,85.75,18,36,9.89
800,constitucion,mx,23.9912,-104.675,72.9,25,0,6.24
801,illoqqortoormiut,gl,,,,,,
802,ushuaia,ar,-54.807,-68.3074,53.04,82,76,7.92
803,pevek,ru,69.7028,170.2747,-9.93,87,68,4.34
804,mokobeng,bw,-22.9965,27.6678,74.23,50,0,8.81
805,malwan,in,,,,,,
806,ushuaia,ar,-54.807,-68.3074,53.04,82,76,7.92
807,hilo,us,19.7072,-155.0817,68.67,100,44,15.86
808,talnakh,ru,69.494,88.3908,23.2,88,88,7.54
809,severo-kurilsk,ru,50.6789,156.125,19.69,100,36,3.06
810,muisne,ec,0.6104,-80.0186,85.41,94,64,4.12
811,east london,za,-33.0153,27.9116,63.43,100,12,11.34
812,payo,ph,,,,,,
813,dikson,ru,73.5069,80.5464,8.53,93,68,16.2
814,pinega,ru,64.6973,43.3924,30.58,91,92,4.56
815,hermanus,za,-34.4176,19.2361,59.63,93,64,4.34
816,kapaa,us,22.0752,-159.319,75.79,76,0,6.87
817,kuche,cn,,,,,,
818,pevek,ru,69.7028,170.2747,-9.93,87,68,4.34
819,stykkisholmur,is,65.0757,-22.7297,35.08,98,92,12.62
820,busselton,au,-33.6445,115.3489,66.24,100,48,19.06
821,vaini,to,-21.2001,-175.2,77.11,100,88,12.95
822,korla,cn,41.7597,86.1469,39.13,76,64,2.39
823,mataura,pf,,,,,,
824,sao gabriel da cachoeira,br,-0.1303,-67.0892,83.44,82,56,4.12
825,rikitea,pf,-23.1203,-134.9692,79.09,98,0,20.07
826,cangucu,br,-31.395,-52.6756,71.6,43,0,9.26
827,yellowknife,ca,62.4541,-114.3774,38.55,87,0,18.84
828,borama,so,,,,,,
829,cape town,za,-33.929,18.4174,64.35,93,8,19.44
830,torbay,ca,47.6577,-52.727,36.54,78,0,12.57
831,busselton,au,-33.6445,115.3489,66.24,100,48,19.06
832,katsuura,jp,33.9258,134.505,57.58,79,32,11.27
833,ushuaia,ar,-54.807,-68.3074,53.04,82,76,7.92
834,rikitea,pf,-23.1203,-134.9692,79.09,98,0,20.07
835,dingle,ie,52.1408,-10.2689,52.32,91,76,20.67
836,ushuaia,ar,-54.807,-68.3074,53.04,82,76,7.92
837,brae,gb,60.3964,-1.353,43.52,95,12,17.49
838,nehalim,il,32.0588,34.9132,52.95,77,12,3.11
839,westport,nz,-41.7542,171.6036,60.1,96,76,2.06
840,puerto ayora,ec,-0.7394,-90.3518,83.64,83,8,7.36
841,port alfred,za,-33.5906,26.891,63.1,98,0,11.12
842,lagos,ng,6.4551,3.3942,82.31,88,0,10.38
843,coahuayana,mx,18.6201,-100.3453,88.81,25,0,3.22
844,ajdabiya,ly,30.755,20.2233,62.98,55,0,3.78
845,provideniya,ru,64.4238,-173.2276,5.38,100,64,22.35
846,rio gallegos,ar,-51.6227,-69.2182,61.5,69,64,4.34
847,sitka,us,37.175,-99.6516,65.62,41,0,4.74
848,rikitea,pf,-23.1203,-134.9692,79.09,98,0,20.07
849,nikolskoye,ru,59.7035,30.7861,38.39,92,92,7.54
850,barentsburg,sj,,,,,,
851,butaritari,ki,3.0707,172.7902,81.88,100,64,8.14
852,saint-joseph,re,-21.3667,55.6167,77.07,100,88,11.79
853,kapaa,us,22.0752,-159.319,75.79,76,0,6.87
854,chokurdakh,ru,70.6192,147.9022,-24.87,37,8,9.15
855,raudeberg,no,61.9875,5.1352,37.76,95,56,6.42
856,provideniya,ru,64.4238,-173.2276,5.38,100,64,22.35
857,new norfolk,au,-42.7802,147.0615,56.88,99,92,3.29
858,wanxian,cn,30.8039,108.3897,44.26,99,48,2.51
859,kapaa,us,22.0752,-159.319,75.79,76,0,6.87
860,tigil,ru,57.8,158.6667,5.29,74,80,3.06
861,punta arenas,cl,-53.1627,-70.9081,52.75,88,68,13.35
862,vestmanna,fo,62.1564,-7.1664,42.55,100,92,16.15
863,sistranda,no,63.7256,8.834,39.52,96,92,17.49
864,rindal,no,63.0548,9.2128,30.49,86,56,5.91
865,mahebourg,mu,-20.4081,57.7,81.12,80,64,12.62
866,acapulco,mx,16.8603,-99.8769,88.5,53,0,11.12
867,mataura,pf,,,,,,
868,san jose,gt,16.9833,-89.9001,80.71,65,56,4.07
869,nikolskoye,ru,59.7035,30.7861,38.39,92,92,7.54
870,esperance,au,-33.8583,121.8932,62.35,95,8,6.53
871,hobart,au,-42.8826,147.3281,57.31,98,88,2.84
872,marzuq,ly,,,,,,
873,nyurba,ru,63.2866,118.3541,-3.45,62,0,6.8
874,longlac,ca,,,,,,
875,simav,tr,39.0891,28.9779,36.34,74,0,2.73
876,bluff,nz,-46.6,168.3333,57.87,94,76,3.22
877,lenger,kz,42.1819,69.8876,41.43,88,76,2.73
878,rikitea,pf,-23.1203,-134.9692,79.09,98,0,20.07
879,upernavik,gl,72.7868,-56.1549,-12.72,100,20,4.52
880,mahebourg,mu,-20.4081,57.7,81.12,80,64,12.62
881,saint-philippe,re,-21.3586,55.7679,77.09,100,88,11.79
882,abay,kz,49.6331,72.8684,14.79,63,0,5.53
883,ontario,us,34.0658,-117.6485,50.88,96,92,0.31
884,srednekolymsk,ru,67.4555,153.7071,-21.36,31,0,2.33
885,tiksi,ru,71.6366,128.8685,-0.48,64,0,17.65
886,waipawa,nz,-39.9412,176.5913,61.12,88,56,4.12
887,tawkar,sd,,,,,,
888,mys shmidta,ru,,,,,,
889,tsihombe,mg,,,,,,
890,qaanaaq,gl,77.484,-69.3633,-19.11,52,32,6.35
891,arraial do cabo,br,-22.9663,-42.0245,79.14,88,92,18.88
892,sao joao da barra,br,-21.6403,-41.0512,81.16,99,80,19.1
893,ylivieska,fi,64.0729,24.5327,32.13,65,88,18.66
894,mar del plata,ar,-46.4276,-67.5191,68.56,38,44,7.43
895,mys shmidta,ru,,,,,,
896,saint george,bm,32.3817,-64.6781,67.53,96,68,4.63
897,new norfolk,au,-42.7802,147.0615,56.88,99,92,3.29
898,jamestown,sh,-15.9388,-5.7168,76.75,100,8,18.05
899,namatanai,pg,-3.6642,152.4407,83.5,98,24,6.31
900,vaini,to,-21.2001,-175.2,77.11,100,88,12.95
901,rikitea,pf,-23.1203,-134.9692,79.09,98,0,20.07
902,rikitea,pf,-23.1203,-134.9692,79.09,98,0,20.07
903,ponta do sol,cv,17.1994,-25.092,75,100,8,13.8
904,geraldton,au,-28.7667,114.6,67.21,100,76,7.81
905,chagda,ru,,,,,,
906,bluff,nz,-46.6,168.3333,57.87,94,76,3.22
907,saldanha,za,-33.0117,17.9442,60.98,82,8,20.74
908,tsihombe,mg,,,,,,
909,butaritari,ki,3.0707,172.7902,81.88,100,64,8.14
910,taolanaro,mg,,,,,,
911,ushuaia,ar,-54.807,-68.3074,53.04,82,76,7.92
912,new norfolk,au,-42.7802,147.0615,56.88,99,92,3.29
913,villarrica,cl,-39.2781,-72.2275,65.16,66,92,2.77
914,iqaluit,ca,63.7494,-68.5219,-6.02,85,64,8.1
915,burlington,us,44.4724,-73.2115,42.69,82,92,8.14
916,nhulunbuy,au,-12.1805,136.776,81.37,100,92,20.67
917,torbay,ca,47.6577,-52.727,36.54,78,0,12.57
918,madinat sittah uktubar,eg,29.8167,31.05,61.3,65,0,7.14
919,avarua,ck,-21.2078,-159.775,81.46,100,48,6.53
920,bethel,us,60.7922,-161.7559,37.45,93,64,7.25
921,attawapiskat,ca,,,,,,
922,luena,ao,-11.7791,19.9123,65.41,87,12,2.51
923,paradwip,in,,,,,,
924,nguiu,au,,,,,,
925,turukhansk,ru,65.7954,87.9608,24.28,86,88,9.55
926,tsihombe,mg,,,,,,
927,padang,id,-0.9248,100.3633,79.45,100,24,7.92
928,ushuaia,ar,-54.807,-68.3074,53.04,82,76,7.92
929,bluff,nz,-46.6,168.3333,57.87,94,76,3.22
930,rikitea,pf,-23.1203,-134.9692,79.09,98,0,20.07
931,thompson,ca,55.7433,-97.8635,35.06,54,0,9.89
932,kruisfontein,za,-34.0034,24.7314,61,86,0,7.58
933,flores,br,-7.8621,-37.9743,74.77,83,68,2.84
934,acapulco,mx,16.8603,-99.8769,88.5,53,0,11.12
935,oshnaviyeh,ir,37.0418,45.0983,22.26,92,0,2.73
936,bredasdorp,za,-34.5331,20.0428,63.21,96,88,8.03
937,pionerskiy,ru,61.1989,62.8581,22.12,87,0,2.62
938,mayo,ca,63.5927,-135.8962,53.76,71,0,2.55
939,leningradskiy,ru,69.3833,178.4167,-13.62,84,8,3.4
940,snihurivka,ua,47.0718,32.7976,39.83,70,56,7.02
941,barawe,so,,,,,,
942,provideniya,ru,64.4238,-173.2276,5.38,100,64,22.35
943,lorengau,pg,-2.0226,147.2712,81.52,100,32,7.36
944,vaini,to,-21.2001,-175.2,77.11,100,88,12.95
945,rikitea,pf,-23.1203,-134.9692,79.09,98,0,20.07
946,tuktoyaktuk,ca,69.444,-133.032,17.38,100,68,14.92
947,salalah,om,17.0149,54.0957,75.02,100,0,3
948,busselton,au,-33.6445,115.3489,66.24,100,48,19.06
949,tasiilaq,gl,65.6145,-37.6368,18.84,97,80,46.35
950,mataura,pf,,,,,,
951,kanevskaya,ru,46.0748,38.9679,40.03,66,64,6.76
952,phan thiet,vn,10.931,108.1015,77.56,100,0,5.53
953,mataura,pf,,,,,,
954,umzimvubu,za,,,,,,
955,rikitea,pf,-23.1203,-134.9692,79.09,98,0,20.07
956,albany,au,-35.0248,117.8836,63.41,97,92,10.45
957,vila,vu,,,,,,
958,barentsburg,sj,,,,,,
959,mocajuba,br,-2.5831,-49.5043,81.43,79,64,2.84
960,pimentel,pe,-6.8359,-79.9359,83.1,76,32,6.42
961,ushuaia,ar,-54.807,-68.3074,53.04,82,76,7.92
962,kruisfontein,za,-34.0034,24.7314,61,86,0,7.58
963,saquena,pe,-4.6667,-73.5167,89.53,58,12,3.62
964,new norfolk,au,-42.7802,147.0615,56.88,99,92,3.29
965,kamenskoye,ru,,,,,,
966,kapaa,us,22.0752,-159.319,75.79,76,0,6.87
967,rikitea,pf,-23.1203,-134.9692,79.09,98,0,20.07
968,jalu,ly,29.0331,21.5482,72.07,40,48,12.39
969,moose factory,ca,51.2585,-80.6095,42.67,91,88,14.18
970,saint george,bm,32.3817,-64.6781,67.53,96,68,4.63
971,bathsheba,bb,13.2167,-59.5167,81.27,100,76,10.16
972,castro,cl,-42.4824,-73.7644,58.42,96,92,3.85
973,east london,za,-33.0153,27.9116,63.43,100,12,11.34
974,cape town,za,-33.929,18.4174,64.35,93,8,19.44
975,ayorou,ne,14.7336,0.9195,84.85,13,8,11.45
976,sechura,pe,-5.5576,-80.8224,81.34,65,32,12.68
977,avarua,ck,-21.2078,-159.775,81.46,100,48,6.53
978,georgetown,sh,-7.9334,-14.4167,81.7,100,0,15.3
979,castro,cl,-42.4824,-73.7644,58.42,96,92,3.85
980,mataura,pf,,,,,,
981,bredasdorp,za,-34.5331,20.0428,63.21,96,88,8.03
982,port alfred,za,-33.5906,26.891,63.1,98,0,11.12
983,tamandare,br,-8.2789,-70.7519,84.85,76,32,2.73
984,kangaatsiaq,gl,68.3065,-53.4641,-3.72,100,24,3.62
985,norman wells,ca,65.2824,-126.8328,45.59,91,36,2.51
986,saskylakh,ru,71.965,114.0939,8.53,77,76,10.04
987,sola,vu,-13.8834,167.55,82.69,99,76,2.06
988,pacific grove,us,36.6174,-121.9156,58.21,83,8,5.35
989,punta arenas,cl,-53.1627,-70.9081,52.75,88,68,13.35
990,rikitea,pf,-23.1203,-134.9692,79.09,98,0,20.07
991,mataura,pf,,,,,,
992,beringovskiy,ru,63.05,179.3167,-4.35,79,0,14.63
993,tasiilaq,gl,65.6145,-37.6368,18.84,97,80,46.35
994,upernavik,gl,72.7868,-56.1549,-12.72,100,20,4.52
995,punta arenas,cl,-53.1627,-70.9081,52.75,88,68,13.35
996,maunabo,us,,,,,,
997,saint-louis,sn,16.028,-16.5049,70.88,93,32,12.39
998,bluff,nz,-46.6,168.3333,57.87,94,76,3.22
999,quimper,fr,47.996,-4.1025,47.66,89,0,5.41
1000,anadyr,ru,64.7317,177.5061,-13.98,44,20,5.35
1001,hasaki,jp,35.7333,140.8333,60.67,95,64,3.4
1002,esperance,au,-33.8583,121.8932,62.35,95,8,6.53
1003,new norfolk,au,-42.7802,147.0615,56.88,99,92,3.29
1004,clyde river,ca,70.4692,-68.5915,-13.29,80,44,6.24
1005,flin flon,ca,54.7698,-101.879,48.9,59,0,4.23
1006,rikitea,pf,-23.1203,-134.9692,79.09,98,0,20.07
1007,lexington park,us,38.2642,-76.4532,53.82,83,92,16.93
1008,carnarvon,au,-24.8667,113.6333,75.58,94,20,19.84
1009,yumen,cn,40.2917,97.0449,19.78,73,0,4.23
1010,amga,ru,60.8942,131.98,-20.37,28,0,2.55
1011,broome,au,-17.9667,122.2333,79.48,93,64,9.1
1012,hermanus,za,-34.4176,19.2361,59.63,93,64,4.34
1013,vardo,no,70.3705,31.1107,25.95,100,0,17.94
1014,severo-kurilsk,ru,50.6789,156.125,19.69,100,36,3.06
1015,tateyama,jp,36.6634,137.3139,51.31,100,92,2.55
1016,kapaa,us,22.0752,-159.319,75.79,76,0,6.87
1017,swift current,ca,50.2858,-107.8006,67.03,71,0,10.89
1018,georgetown,sh,-7.9334,-14.4167,81.7,100,0,15.3
1019,lujiang,cn,31.2581,117.2817,43.72,96,92,7.76
1020,osorheiu,ro,47.0333,22.05,34.5,79,8,2.77
1021,hobart,au,-42.8826,147.3281,57.31,98,88,2.84
1022,ormara,pk,25.2088,64.6357,68.29,93,0,7.65
1023,zarubino,ru,42.6511,131.062,28.51,100,8,14.41
1024,norman wells,ca,65.2824,-126.8328,45.59,91,36,2.51
1025,leh,in,34.1642,77.5848,1.51,76,80,1.77
1026,makakilo city,us,21.3469,-158.0859,80.11,57,8,10.04
1027,tromso,no,69.6489,18.9551,30.61,84,88,9.1
1028,zabid,ye,14.1972,44.5021,50.38,58,20,1.83
1029,tumannyy,ru,,,,,,
1030,kawalu,id,-7.3817,108.2082,65.41,93,48,2.06
1031,ushuaia,ar,-54.807,-68.3074,53.04,82,76,7.92
1032,airai,pw,,,,,,
1033,bredasdorp,za,-34.5331,20.0428,63.21,96,88,8.03
1034,avarua,ck,-21.2078,-159.775,81.46,100,48,6.53
1035,ushuaia,ar,-54.807,-68.3074,53.04,82,76,7.92
1036,khatanga,ru,71.9801,102.4743,2.77,83,32,10.6
1037,barentsburg,sj,,,,,,
1038,mansa,zm,-11.2076,28.8834,67.03,90,44,6.24
1039,rio do sul,br,-27.216,-49.6437,71.38,83,92,6.08
1040,bluff,nz,-46.6,168.3333,57.87,94,76,3.22
1041,nizhneyansk,ru,,,,,,
1042,alyangula,au,-13.8484,136.4192,81.57,93,80,22.24
1043,tuatapere,nz,-46.1324,167.6908,59.68,88,24,1.77
1044,luderitz,na,-26.6481,15.1594,62.44,74,0,18.1
1045,hasaki,jp,35.7333,140.8333,60.67,95,64,3.4
1046,sudak,ua,44.8488,34.9711,34.63,100,0,6.35
1047,baruun-urt,mn,46.6808,113.2846,12.22,54,32,8.88
1048,sao joao da barra,br,-21.6403,-41.0512,81.16,99,80,19.1
1049,ushuaia,ar,-54.807,-68.3074,53.04,82,76,7.92
1050,florianopolis,br,-27.5967,-48.5492,73.74,86,80,11.9
1051,tripoli,ly,32.8752,13.1875,59.38,100,0,17.49
1052,barrow,us,39.5062,-90.4016,52.25,68,0,14.58
1053,goderich,sl,,,,,,
1054,bredasdorp,za,-34.5331,20.0428,63.21,96,88,8.03
1055,codrington,ag,,,,,,
1056,sao jose da coroa grande,br,-8.8978,-35.1478,78.19,95,12,5.12
1057,lebu,cl,-37.6167,-73.6501,57.31,92,76,4.12
1058,mahebourg,mu,-20.4081,57.7,81.12,80,64,12.62
1059,rikitea,pf,-23.1203,-134.9692,79.09,98,0,20.07
1060,tagusao,ph,9.1924,117.8141,75.76,98,8,3.78
1061,avarua,ck,-21.2078,-159.775,81.46,100,48,6.53
1062,tessalit,ml,20.2009,1.014,67.12,15,0,8.66
1063,butaritari,ki,3.0707,172.7902,81.88,100,64,8.14
1064,svetlaya,ru,46.5389,138.3297,20.23,100,76,20.62
1065,faanui,pf,-16.4834,-151.75,84.67,100,80,8.32
1066,atuona,pf,-9.8,-139.0334,81.16,100,24,15.64
1067,kibala,ao,,,,,,
1068,bambous virieux,mu,-20.3428,57.7575,81.19,80,64,12.62
1069,rikitea,pf,-23.1203,-134.9692,79.09,98,0,20.07
1070,atuona,pf,-9.8,-139.0334,81.16,100,24,15.64
1071,albany,au,-35.0248,117.8836,63.41,97,92,10.45
1072,rosarito,mx,27.0432,-109.905,82.83,31,0,12.57
1073,hithadhoo,mv,-0.6,73.0833,84.31,100,88,6.91
1074,kainantu,pg,-6.2887,145.8657,64.06,98,80,0.76
1075,hobart,au,-42.8826,147.3281,57.31,98,88,2.84
1076,illoqqortoormiut,gl,,,,,,
1077,dingle,ie,52.1408,-10.2689,52.32,91,76,20.67
1078,jamestown,sh,-15.9388,-5.7168,76.75,100,8,18.05
1079,totma,ru,59.9759,42.7568,31.39,93,88,9.1
1080,maragogi,br,-9.0119,-35.2226,78.19,95,12,5.12
1081,pangnirtung,ca,66.149,-65.7179,-16.35,44,0,3.78
1082,karangampel,id,-6.4636,108.4402,80.08,100,56,5.3
1083,sawtell,au,-30.3834,153.1,67.82,100,24,3.89
1084,bluff,nz,-46.6,168.3333,57.87,94,76,3.22
1085,fortuna,us,40.5974,-124.1561,55.35,82,0,4.63
1086,clyde river,ca,70.4692,-68.5915,-13.29,80,44,6.24
1087,vila franca do campo,pt,37.7167,-25.4334,56.68,100,48,4.85
1088,kapaa,us,22.0752,-159.319,75.79,76,0,6.87
1089,gorontalo,id,0.5384,123.0595,74.41,94,56,2.06
1090,carnarvon,au,-24.8667,113.6333,75.58,94,20,19.84
1091,albany,au,-35.0248,117.8836,63.41,97,92,10.45
1092,siddipet,in,18.1018,78.852,70.09,72,0,10.6
1093,lingao,cn,19.9103,109.6859,71.62,91,32,3
1094,illoqqortoormiut,gl,,,,,,
1095,jamestown,sh,-15.9388,-5.7168,76.75,100,8,18.05
1096,matara,lk,5.9485,80.5353,76.93,100,0,6.24
1097,guaruja,br,-23.9931,-46.2564,65.25,100,92,7.31
1098,butaritari,ki,3.0707,172.7902,81.88,100,64,8.14
1099,ilhabela,br,-23.7781,-45.3581,74.68,100,100,6.87
1100,busselton,au,-33.6445,115.3489,66.24,100,48,19.06
1101,clyde river,ca,70.4692,-68.5915,-13.29,80,44,6.24
1102,mar del plata,ar,-46.4276,-67.5191,68.56,38,44,7.43
1103,isangel,vu,-19.55,169.2667,80.53,100,64,15.41
1104,ushuaia,ar,-54.807,-68.3074,53.04,82,76,7.92
1105,tuktoyaktuk,ca,69.444,-133.032,17.38,100,68,14.92
1106,vaini,to,-21.2001,-175.2,77.11,100,88,12.95
1107,illoqqortoormiut,gl,,,,,,
1108,lalomanu,ws,,,,,,
1109,nizhneyansk,ru,,,,,,
1110,castro,cl,-42.4824,-73.7644,58.42,96,92,3.85
1111,port lincoln,au,-34.7212,135.8592,63.16,100,0,12.28
1112,la sarre,ca,48.8001,-79.2011,39.58,86,80,11.83
1113,chiang rai,th,19.9024,99.8385,66.02,49,0,4
1114,port augusta,au,-32.4909,137.764,63.34,89,0,3.78
1115,sambava,mg,-14.2667,50.1667,81.88,100,56,12.91
1116,kahului,us,20.8894,-156.4728,76.17,70,8,12.28
1117,hermanus,za,-34.4176,19.2361,59.63,93,64,4.34
1118,atuona,pf,-9.8,-139.0334,81.16,100,24,15.64
1119,poum,nc,-20.2334,164.0167,80.71,100,100,10.89
1120,dikson,ru,73.5069,80.5464,8.53,93,68,16.2
1121,busselton,au,-33.6445,115.3489,66.24,100,48,19.06
1122,butaritari,ki,3.0707,172.7902,81.88,100,64,8.14
1123,puerto ayora,ec,-0.7394,-90.3518,83.64,83,8,7.36
1124,albany,au,-35.0248,117.8836,63.41,97,92,10.45
1125,port elizabeth,za,-33.918,25.5701,64.92,100,44,15.08
1126,namibe,ao,-15.1902,12.1531,77.83,100,8,0.31
1127,fortuna,us,40.5974,-124.1561,55.35,82,0,4.63
1128,clyde river,ca,70.4692,-68.5915,-13.29,80,44,6.24
1129,kodiak,us,39.9519,-94.7572,53.4,88,0,7.54
1130,kapaa,us,22.0752,-159.319,75.79,76,0,6.87
1131,bambous virieux,mu,-20.3428,57.7575,81.19,80,64,12.62
1132,georgetown,sh,-7.9334,-14.4167,81.7,100,0,15.3
1133,bluff,nz,-46.6,168.3333,57.87,94,76,3.22
1134,port alfred,za,-33.5906,26.891,63.1,98,0,11.12
1135,xai-xai,mz,-25.0445,33.6407,78.46,99,20,9.93
1136,poum,nc,-20.2334,164.0167,80.71,100,100,10.89
1137,grand river south east,mu,,,,,,
1138,tura,ru,64.2742,100.217,23.65,74,92,6.8
1139,tuktoyaktuk,ca,69.444,-133.032,17.38,100,68,14.92
1140,new norfolk,au,-42.7802,147.0615,56.88,99,92,3.29
1141,port hardy,ca,50.6996,-127.4199,57.74,67,0,1.39
1142,nikolskoye,ru,59.7035,30.7861,38.39,92,92,7.54
1143,hasaki,jp,35.7333,140.8333,60.67,95,64,3.4
1144,alamosa,us,37.4699,-105.8697,46.62,58,80,7.14
1145,primore,ru,,,,,,
1146,kapaa,us,22.0752,-159.319,75.79,76,0,6.87
1147,kruisfontein,za,-34.0034,24.7314,61,86,0,7.58
1148,vaini,to,-21.2001,-175.2,77.11,100,88,12.95
1149,punta arenas,cl,-53.1627,-70.9081,52.75,88,68,13.35
1150,rikitea,pf,-23.1203,-134.9692,79.09,98,0,20.07
1151,hobart,au,-42.8826,147.3281,57.31,98,88,2.84
1152,la asuncion,ve,11.0333,-63.8628,85.62,91,0,19.33
1153,san patricio,mx,19.223,-104.6989,85.69,65,0,6.24
1154,norman wells,ca,65.2824,-126.8328,45.59,91,36,2.51
1155,nanortalik,gl,60.1432,-45.2372,21.31,100,64,28.39
1156,gardner,us,38.8109,-94.9273,55.62,59,0,7.09
1157,rio grande,br,-32.0335,-52.0992,70.81,81,32,11.56
1158,urdzhar,kz,,,,,,
1159,mataura,pf,,,,,,
1160,troitsko-pechorsk,ru,62.7145,56.1854,26.71,87,12,4.74
1161,bluff,nz,-46.6,168.3333,57.87,94,76,3.22
1162,albany,au,-35.0248,117.8836,63.41,97,92,10.45
1163,vaini,to,-21.2001,-175.2,77.11,100,88,12.95
1164,muros,es,42.7744,-9.0576,54.61,90,20,3.78
1165,amderma,ru,,,,,,
1166,mys shmidta,ru,,,,,,
1167,taolanaro,mg,,,,,,
1168,hermanus,za,-34.4176,19.2361,59.63,93,64,4.34
1169,paracatu,br,-17.2175,-46.8708,75.04,98,80,7.09
1170,hermanus,za,-34.4176,19.2361,59.63,93,64,4.34
1171,sambava,mg,-14.2667,50.1667,81.88,100,56,12.91
1172,calama,cl,-22.4624,-68.9273,72.27,27,0,4
1173,mangrol,in,25.3307,76.512,60.1,53,0,3
1174,rikitea,pf,-23.1203,-134.9692,79.09,98,0,20.07
1175,busselton,au,-33.6445,115.3489,66.24,100,48,19.06
1176,ribeira grande,pt,38.5167,-28.7001,62.26,98,44,10.27
1177,taoudenni,ml,22.6783,-3.9837,69.55,13,80,3.89
1178,nantucket,us,41.2835,-70.0995,44.85,90,36,15.97
1179,albany,au,-35.0248,117.8836,63.41,97,92,10.45
1180,carbonia,it,39.1653,8.5278,60.42,86,32,24.2
1181,vavuniya,lk,8.7594,80.5001,75.58,92,8,3.11
1182,liwale,tz,-9.802,37.9242,70.45,95,32,1.99
1183,provideniya,ru,64.4238,-173.2276,5.38,100,64,22.35
1184,kruisfontein,za,-34.0034,24.7314,61,86,0,7.58
1185,bambous virieux,mu,-20.3428,57.7575,81.19,80,64,12.62
1186,ushuaia,ar,-54.807,-68.3074,53.04,82,76,7.92
1187,cape town,za,-33.929,18.4174,64.35,93,8,19.44
1188,port lincoln,au,-34.7212,135.8592,63.16,100,0,12.28
1189,ushuaia,ar,-54.807,-68.3074,53.04,82,76,7.92
1190,nam tha,la,,,,,,
1191,ngunguru,nz,-35.6167,174.5,64.69,94,92,13.62
1192,kayes,ml,14.4434,-11.438,81.16,59,0,3.06
1193,chandil,in,22.956,86.0546,71.17,70,12,2.55
1194,taolanaro,mg,,,,,,
1195,tamulte,mx,,,,,,
1196,yellowknife,ca,62.4541,-114.3774,38.55,87,0,18.84
1197,acarau,br,,,,,,
1198,kungurtug,ru,50.5987,97.5254,-8.58,64,8,2.33
1199,san luis,ar,-33.302,-66.337,78.01,29,8,10.89
1200,kendari,id,-3.9919,122.518,72.52,94,32,2.62
1201,othonoi,gr,,,,,,
1202,port elizabeth,za,-33.918,25.5701,64.92,100,44,15.08
1203,artesia,us,32.8423,-104.4033,58.77,76,92,9.89
1204,kapaa,us,22.0752,-159.319,75.79,76,0,6.87
1205,souillac,mu,-20.5167,57.5167,81.14,80,64,12.62
1206,mataura,pf,,,,,,
1207,jamestown,sh,-15.9388,-5.7168,76.75,100,8,18.05
1208,new norfolk,au,-42.7802,147.0615,56.88,99,92,3.29
1209,jamestown,sh,-15.9388,-5.7168,76.75,100,8,18.05
1210,severo-kurilsk,ru,50.6789,156.125,19.69,100,36,3.06
1211,dukat,ru,62.55,155.55,-15.15,40,48,2.77
1212,bairiki,ki,,,,,,
1213,tiksi,ru,71.6366,128.8685,-0.48,64,0,17.65
1214,kaitangata,nz,-46.2818,169.8464,62.89,86,56,4
1215,busselton,au,-33.6445,115.3489,66.24,100,48,19.06
1216,luderitz,na,-26.6481,15.1594,62.44,74,0,18.1
1217,palabuhanratu,id,,,,,,
1218,tuktoyaktuk,ca,69.444,-133.032,17.38,100,68,14.92
1219,copalillo,mx,18.0334,-99.0414,89.49,36,24,2.77
1220,codrington,ag,,,,,,
1221,luganville,vu,-15.5122,167.1784,82.33,100,92,10.16
1222,pemberton,ca,50.3187,-122.8037,60.3,62,12,1.54
1223,ushuaia,ar,-54.807,-68.3074,53.04,82,76,7.92
1224,rikitea,pf,-23.1203,-134.9692,79.09,98,0,20.07
1225,komsomolskiy,ru,67.5537,63.776,26.53,90,88,5.75
1226,baculin,ph,7.4525,126.5842,72.79,93,20,9.66
1227,chuy,uy,-33.6938,-53.4562,64.06,96,68,6.8
1228,torbay,ca,47.6577,-52.727,36.54,78,0,12.57
1229,halalo,wf,,,,,,
1230,saint-philippe,re,-21.3586,55.7679,77.09,100,88,11.79
1231,lebu,cl,-37.6167,-73.6501,57.31,92,76,4.12
1232,vao,nc,-22.6667,167.4833,79.54,98,80,12.06
1233,cangzhou,cn,38.3043,116.8512,34.45,51,12,6.13
1234,tasiilaq,gl,65.6145,-37.6368,18.84,97,80,46.35
1235,kadhan,pk,24.4817,68.9862,74.05,46,0,8.37
1236,comodoro rivadavia,ar,-45.8654,-67.4808,61.81,78,44,1.1
1237,mataura,pf,,,,,,
1238,coahuayana,mx,18.6201,-100.3453,88.81,25,0,3.22
1239,kaitangata,nz,-46.2818,169.8464,62.89,86,56,4
1240,novoilinsk,ru,,,,,,
1241,ambanja,mg,-13.6759,48.4528,72.79,97,92,2.28
1242,hithadhoo,mv,-0.6,73.0833,84.31,100,88,6.91
1243,pochutla,mx,15.7432,-96.4661,84.34,100,12,4.12
1244,belushya guba,ru,,,,,,
1245,natitingou,bj,10.3052,1.3809,79.16,70,8,4.52
1246,saint-joseph,re,-21.3667,55.6167,77.07,100,88,11.79
1247,aklavik,ca,68.2183,-135.0136,17.83,85,80,19.73
1248,alihe,cn,50.5723,123.7337,4.93,71,48,2.62
1249,durusu,tr,37.5345,40.8272,36.59,86,0,3.11
1250,jamestown,sh,-15.9388,-5.7168,76.75,100,8,18.05
1251,vaini,to,-21.2001,-175.2,77.11,100,88,12.95
1252,bluff,nz,-46.6,168.3333,57.87,94,76,3.22
1253,ijaki,ki,,,,,,
1254,dakar,sn,14.6934,-17.448,71.26,94,20,13.29
1255,vao,nc,-22.6667,167.4833,79.54,98,80,12.06
1256,hilo,us,19.7072,-155.0817,68.67,100,44,15.86
1257,bredasdorp,za,-34.5331,20.0428,63.21,96,88,8.03
1258,cape town,za,-33.929,18.4174,64.35,93,8,19.44
1259,moree,au,-29.4618,149.8407,73.53,92,0,10.45
1260,butaritari,ki,3.0707,172.7902,81.88,100,64,8.14
1261,khatanga,ru,71.9801,102.4743,2.77,83,32,10.6
1262,ushuaia,ar,-54.807,-68.3074,53.04,82,76,7.92
1263,illoqqortoormiut,gl,,,,,,
1264,cape town,za,-33.929,18.4174,64.35,93,8,19.44
1265,kahului,us,20.8894,-156.4728,76.17,70,8,12.28
1266,saleaula,ws,,,,,,
1267,klaksvik,fo,62.2266,-6.5891,42.96,93,88,14.97
1268,hilo,us,19.7072,-155.0817,68.67,100,44,15.86
1269,butaritari,ki,3.0707,172.7902,81.88,100,64,8.14
1270,busselton,au,-33.6445,115.3489,66.24,100,48,19.06
1271,rikitea,pf,-23.1203,-134.9692,79.09,98,0,20.07
1272,bambous virieux,mu,-20.3428,57.7575,81.19,80,64,12.62
1273,hermanus,za,-34.4176,19.2361,59.63,93,64,4.34
1274,bredasdorp,za,-34.5331,20.0428,63.21,96,88,8.03
1275,vaini,to,-21.2001,-175.2,77.11,100,88,12.95
1276,kruisfontein,za,-34.0034,24.7314,61,86,0,7.58
1277,mahenge,tz,-8.6838,36.7187,70.18,96,76,3.06
1278,ancud,cl,-41.8682,-73.8288,58.5,97,88,5.23
1279,levelek,hu,47.9654,21.9868,40.93,62,8,6.87
1280,hermanus,za,-34.4176,19.2361,59.63,93,64,4.34
1281,vardo,no,70.3705,31.1107,25.95,100,0,17.94
1282,cabo san lucas,mx,22.8938,-109.9112,77.45,88,0,2.28
1283,barrow,us,39.5062,-90.4016,52.25,68,0,14.58
1284,zalantun,cn,48,122.7167,14.38,48,64,2.33
1285,marquette,us,46.5435,-87.3965,43.63,73,64,18.72
1286,mataura,pf,,,,,,
1287,sovetskiy,ru,56.763,48.4743,18.97,76,24,4.52
1288,ushuaia,ar,-54.807,-68.3074,53.04,82,76,7.92
1289,jamestown,sh,-15.9388,-5.7168,76.75,100,8,18.05
1290,kapaa,us,22.0752,-159.319,75.79,76,0,6.87
1291,nikolskoye,ru,59.7035,30.7861,38.39,92,92,7.54
1292,odweyne,so,,,,,,
1293,richards bay,za,-28.7745,32.0555,70.18,100,92,8.88
1294,vaini,to,-21.2001,-175.2,77.11,100,88,12.95
1295,vanimo,pg,-2.6741,141.3028,81.88,100,68,17.6
1296,chokurdakh,ru,70.6192,147.9022,-24.87,37,8,9.15
1297,tuktoyaktuk,ca,69.444,-133.032,17.38,100,68,14.92
1298,port elizabeth,za,-33.918,25.5701,64.92,100,44,15.08
1299,praia da vitoria,pt,38.7333,-27.0667,63.36,100,68,7.09
1300,sisimiut,gl,66.9395,-53.6735,-15.24,43,12,1.99
1301,west allis,us,43.0167,-88.0071,43.59,78,0,15.64
1302,hithadhoo,mv,-0.6,73.0833,84.31,100,88,6.91
1303,taolanaro,mg,,,,,,
1304,kungurtug,ru,50.5987,97.5254,-8.58,64,8,2.33
1305,fairbanks,us,64.8378,-147.7167,45.68,68,24,4.12
1306,puerto ayora,ec,-0.7394,-90.3518,83.64,83,8,7.36
1307,dzhebariki-khaya,ru,62.2167,135.8,-19.65,28,0,2.51
1308,kapaa,us,22.0752,-159.319,75.79,76,0,6.87
1309,huilong,cn,31.1549,106.4976,45.52,99,92,9.6
1310,camocim,br,-2.9006,-40.8429,79.72,89,80,6.58
1311,hobart,au,-42.8826,147.3281,57.31,98,88,2.84
1312,avarua,ck,-21.2078,-159.775,81.46,100,48,6.53
1313,saleaula,ws,,,,,,
1314,myre,no,69.1036,15.9492,34.43,92,88,25.88
1315,rikitea,pf,-23.1203,-134.9692,79.09,98,0,20.07
1316,hithadhoo,mv,-0.6,73.0833,84.31,100,88,6.91
1317,lavrentiya,ru,65.5842,-170.989,2.95,100,80,35.84
1318,ponta do sol,cv,17.1994,-25.092,75,100,8,13.8
1319,necochea,ar,-38.5473,-58.7368,63.66,66,0,6.87
1320,tasiilaq,gl,65.6145,-37.6368,18.84,97,80,46.35
1321,busselton,au,-33.6445,115.3489,66.24,100,48,19.06
1322,tuktoyaktuk,ca,69.444,-133.032,17.38,100,68,14.92
1323,burica,pa,,,,,,
1324,tanhacu,br,-14.0214,-41.2481,76.21,81,88,2.73
1325,harbour breton,ca,47.4833,-55.7984,37.17,87,0,14.58
1326,barentsburg,sj,,,,,,
1327,aranos,na,-24.1389,19.1149,72.52,20,0,8.93
1328,victoria,sc,-4.6167,55.45,83.61,100,0,13.06
1329,san bartolome de tirajana,es,,,,,,
1330,port lincoln,au,-34.7212,135.8592,63.16,100,0,12.28
1331,danshui,cn,22.8081,114.4607,75.76,92,92,4.23
1332,qaanaaq,gl,77.484,-69.3633,-19.11,52,32,6.35
1333,salalah,om,17.0149,54.0957,75.02,100,0,3
1334,srandakan,id,-7.9387,110.2506,70.63,97,44,2.73
1335,necochea,ar,-38.5473,-58.7368,63.66,66,0,6.87
1336,bambous virieux,mu,-20.3428,57.7575,81.19,80,64,12.62
1337,lebu,cl,-37.6167,-73.6501,57.31,92,76,4.12
1338,ilulissat,gl,69.2167,-51.1,-10.03,92,24,3.33
1339,ushuaia,ar,-54.807,-68.3074,53.04,82,76,7.92
1340,atuona,pf,-9.8,-139.0334,81.16,100,24,15.64
1341,kaeo,nz,-35.1018,173.7751,68.02,74,92,8.14
1342,atuona,pf,-9.8,-139.0334,81.16,100,24,15.64
1343,vaini,to,-21.2001,-175.2,77.11,100,88,12.95
1344,road town,vg,18.4167,-64.6167,80.58,99,0,10.94
1345,jamestown,sh,-15.9388,-5.7168,76.75,100,8,18.05
1346,bluff,nz,-46.6,168.3333,57.87,94,76,3.22
1347,warqla,dz,,,,,,
1348,mataura,pf,,,,,,
1349,georgetown,sh,-7.9334,-14.4167,81.7,100,0,15.3
1350,balikpapan,id,-1.2399,116.8593,78.82,100,56,6.02
1351,kijang,id,0.9,104.6333,79.57,92,44,7.58
1352,ostrovnoy,ru,68.0544,39.5129,19.78,85,0,11.34
1353,ushuaia,ar,-54.807,-68.3074,53.04,82,76,7.92
1354,tuktoyaktuk,ca,69.444,-133.032,17.38,100,68,14.92
1355,coihaique,cl,-45.5753,-72.0662,64.99,58,8,4.23
1356,amurrio,es,43.0525,-3.0009,39.11,81,0,2.06
1357,punta arenas,cl,-53.1627,-70.9081,52.75,88,68,13.35
1358,eyl,so,7.9808,49.8184,73.78,100,0,8.81
1359,poum,nc,-20.2334,164.0167,80.71,100,100,10.89
1360,bethel,us,60.7922,-161.7559,37.45,93,64,7.25
1361,coahuayana,mx,18.6201,-100.3453,88.81,25,0,3.22
1362,matveyevka,ru,54.9235,83.0773,17.89,70,8,5.35
1363,punta arenas,cl,-53.1627,-70.9081,52.75,88,68,13.35
1364,yaan,cn,,,,,,
1365,barrow,us,39.5062,-90.4016,52.25,68,0,14.58
1366,tiksi,ru,71.6366,128.8685,-0.48,64,0,17.65
1367,aklavik,ca,68.2183,-135.0136,17.83,85,80,19.73
1368,rikitea,pf,-23.1203,-134.9692,79.09,98,0,20.07
1369,sitka,us,37.175,-99.6516,65.62,41,0,4.74
1370,talaya,ru,55.787,84.8935,23.94,65,8,8.1
1371,mataura,pf,,,,,,
1372,victoria,sc,-4.6167,55.45,83.61,100,0,13.06
1373,port elizabeth,za,-33.918,25.5701,64.92,100,44,15.08
1374,bengkulu,id,,,,,,
1375,ushuaia,ar,-54.807,-68.3074,53.04,82,76,7.92
1376,namibe,ao,-15.1902,12.1531,77.83,100,8,0.31
1377,chokurdakh,ru,70.6192,147.9022,-24.87,37,8,9.15
1378,lorengau,pg,-2.0226,147.2712,81.52,100,32,7.36
1379,buala,sb,-8.1456,159.593,79.09,100,92,5.12
1380,new norfolk,au,-42.7802,147.0615,56.88,99,92,3.29
1381,punta arenas,cl,-53.1627,-70.9081,52.75,88,68,13.35
1382,namibe,ao,-15.1902,12.1531,77.83,100,8,0.31
1383,puerto madero,mx,14.7208,-92.4215,86.85,75,44,1.99
1384,kahului,us,20.8894,-156.4728,76.17,70,8,12.28
1385,albany,au,-35.0248,117.8836,63.41,97,92,10.45
1386,albany,au,-35.0248,117.8836,63.41,97,92,10.45
1387,north bend,us,43.4065,-124.2243,57.4,67,8,4.52
1388,arraial do cabo,br,-22.9663,-42.0245,79.14,88,92,18.88
1389,erzin,ru,50.26,95.1583,-4.71,56,0,2.77
1390,new norfolk,au,-42.7802,147.0615,56.88,99,92,3.29
1391,piacabucu,br,-10.4056,-36.4345,75.31,100,8,7.58
1392,castro,cl,-42.4824,-73.7644,58.42,96,92,3.85
1393,fortuna,us,40.5974,-124.1561,55.35,82,0,4.63
1394,phan thiet,vn,10.931,108.1015,77.56,100,0,5.53
1395,hermanus,za,-34.4176,19.2361,59.63,93,64,4.34
1396,buchanan,lr,5.8813,-10.0495,82.15,96,12,5.01
1397,bredasdorp,za,-34.5331,20.0428,63.21,96,88,8.03
1398,carnarvon,au,-24.8667,113.6333,75.58,94,20,19.84
1399,peniche,pt,39.3566,-9.3813,62.02,95,0,8.43
1400,rikitea,pf,-23.1203,-134.9692,79.09,98,0,20.07
1401,gizo,sb,-8.1031,156.8419,82.33,100,20,5.3
1402,hobart,au,-42.8826,147.3281,57.31,98,88,2.84
1403,laguna,br,,,,,,
1404,talnakh,ru,69.494,88.3908,23.2,88,88,7.54
1405,saint-philippe,re,-21.3586,55.7679,77.09,100,88,11.79
1406,muros,es,42.7744,-9.0576,54.61,90,20,3.78
1407,zambezi,zm,-13.5501,23.1152,69.1,72,0,3.29
1408,punta arenas,cl,-53.1627,-70.9081,52.75,88,68,13.35
1409,bambous virieux,mu,-20.3428,57.7575,81.19,80,64,12.62
1410,bredasdorp,za,-34.5331,20.0428,63.21,96,88,8.03
1411,atuona,pf,-9.8,-139.0334,81.16,100,24,15.64
1412,atuona,pf,-9.8,-139.0334,81.16,100,24,15.64
1413,jamestown,sh,-15.9388,-5.7168,76.75,100,8,18.05
1414,rikitea,pf,-23.1203,-134.9692,79.09,98,0,20.07
1415,salalah,om,17.0149,54.0957,75.02,100,0,3
1416,klobuck,pl,50.9008,18.9367,40.98,89,8,7.65
1417,severo-yeniseyskiy,ru,60.3725,93.0408,29.59,76,88,8.03
1418,chokurdakh,ru,70.6192,147.9022,-24.87,37,8,9.15
1419,qaanaaq,gl,77.484,-69.3633,-19.11,52,32,6.35
1420,ushuaia,ar,-54.807,-68.3074,53.04,82,76,7.92
1421,attawapiskat,ca,,,,,,
1422,devavanya,hu,47.0333,20.9667,43.5,71,0,2.89
1423,ushuaia,ar,-54.807,-68.3074,53.04,82,76,7.92
1424,fatehpur,in,25.9328,80.8091,67.84,68,0,2.77
1425,vaini,to,-21.2001,-175.2,77.11,100,88,12.95
1426,guerrero negro,mx,27.971,-114.0364,69.46,43,56,14.7
1427,ushuaia,ar,-54.807,-68.3074,53.04,82,76,7.92
1428,qaanaaq,gl,77.484,-69.3633,-19.11,52,32,6.35
1429,nikolskoye,ru,59.7035,30.7861,38.39,92,92,7.54
1430,aswan,eg,24.0911,32.8973,66.47,37,0,9.82
1431,kuvshinovo,ru,57.0315,34.1797,27.43,75,20,6.87
1432,ponta do sol,cv,17.1994,-25.092,75,100,8,13.8
1433,tuktoyaktuk,ca,69.444,-133.032,17.38,100,68,14.92
1434,baherden,tm,38.4362,57.4316,44.26,99,80,3.85
1435,belushya guba,ru,,,,,,
1436,bambous virieux,mu,-20.3428,57.7575,81.19,80,64,12.62
1437,kodino,ru,63.7191,39.6364,29.5,84,44,5.57
1438,hobart,au,-42.8826,147.3281,57.31,98,88,2.84
1439,kapaa,us,22.0752,-159.319,75.79,76,0,6.87
1440,aguada de pasajeros,cu,22.3843,-80.8487,88.23,57,0,10.45
1441,bredasdorp,za,-34.5331,20.0428,63.21,96,88,8.03
1442,vaini,to,-21.2001,-175.2,77.11,100,88,12.95
1443,ushuaia,ar,-54.807,-68.3074,53.04,82,76,7.92
1444,louisbourg,ca,,,,,,
1445,hermanus,za,-34.4176,19.2361,59.63,93,64,4.34
1446,georgetown,sh,-7.9334,-14.4167,81.7,100,0,15.3
1447,barrow,us,39.5062,-90.4016,52.25,68,0,14.58
1448,albany,au,-35.0248,117.8836,63.41,97,92,10.45
1449,haines junction,ca,60.7527,-137.5101,43.18,58,0,2.77
1450,vaini,to,-21.2001,-175.2,77.11,100,88,12.95
1451,bengkulu,id,,,,,,
1452,san cristobal,ec,-1.0243,-79.4413,65.14,100,88,2.51
1453,avarua,ck,-21.2078,-159.775,81.46,100,48,6.53
1454,najran,sa,17.544,44.2247,64.38,50,0,5.86
1455,tuatapere,nz,-46.1324,167.6908,59.68,88,24,1.77
1456,katherine,au,-14.4657,132.2631,70.92,91,12,5.41
1457,sedelnikovo,ru,,,,,,
1458,mar del plata,ar,-46.4276,-67.5191,68.56,38,44,7.43
1459,bilaspur,in,22.0786,82.1476,67.75,84,36,6.08
1460,punta arenas,cl,-53.1627,-70.9081,52.75,88,68,13.35
1461,mataura,pf,,,,,,
1462,port alfred,za,-33.5906,26.891,63.1,98,0,11.12
1463,nikolskoye,ru,59.7035,30.7861,38.39,92,92,7.54
1464,carnarvon,au,-24.8667,113.6333,75.58,94,20,19.84
1465,esperance,au,-33.8583,121.8932,62.35,95,8,6.53
1466,mahebourg,mu,-20.4081,57.7,81.12,80,64,12.62
1467,temaraia,ki,,,,,,
1468,mehamn,no,71.035,27.8517,21.54,70,0,9.6
1469,sholavandan,in,,,,,,
1470,nizhneyansk,ru,,,,,,
1471,rudbar,af,30.15,62.6,50.74,79,8,2.62
1472,ponta do sol,pt,32.6667,-17.1,62.2,100,0,18.84
1473,albany,au,-35.0248,117.8836,63.41,97,92,10.45
1474,karpathos,gr,35.507,27.2132,60.69,95,0,16.15
1475,san cristobal,ec,-1.0243,-79.4413,65.14,100,88,2.51
1476,shubarkuduk,kz,49.1463,56.4882,31.48,72,56,5.79
1477,opuwo,na,-18.0559,13.8371,77.38,29,80,3.62
1478,attawapiskat,ca,,,,,,
1479,hobart,au,-42.8826,147.3281,57.31,98,88,2.84
1480,ushuaia,ar,-54.807,-68.3074,53.04,82,76,7.92
1481,marcona,pe,,,,,,
1482,chuy,uy,-33.6938,-53.4562,64.06,96,68,6.8
1483,oudtshoorn,za,-33.5903,22.2042,42.71,90,0,2.62
1484,punta arenas,cl,-53.1627,-70.9081,52.75,88,68,13.35
1485,bambous virieux,mu,-20.3428,57.7575,81.19,80,64,12.62
1486,barcelos,br,-0.973,-62.9257,85.75,75,64,3.33
1487,alexandria,us,38.8051,-77.0471,46.4,93,92,11.05
1488,hilo,us,19.7072,-155.0817,68.67,100,44,15.86
1489,victor harbor,au,-35.5546,138.6235,63.19,97,68,11.34
1490,coahuayana,mx,18.6201,-100.3453,88.81,25,0,3.22
1491,cayenne,gf,4.9371,-52.3259,83.89,78,44,7.31
1492,wanning,cn,18.8003,110.3967,76.57,93,48,9.55
1493,zhezkazgan,kz,47.8043,67.7144,19.96,55,0,3.22
1494,lagoa,pt,37.1363,-8.4541,52,43,0,6.76
1495,kimbe,pg,-5.5563,150.153,78.64,100,56,3.29
1496,upernavik,gl,72.7868,-56.1549,-12.72,100,20,4.52
1497,barrow,us,39.5062,-90.4016,52.25,68,0,14.58
1498,severo-kurilsk,ru,50.6789,156.125,19.69,100,36,3.06
1499,srednekolymsk,ru,67.4555,153.7071,-21.36,31,0,2.33
1500,gizo,sb,-8.1031,156.8419,82.33,100,20,5.3
1501,rikitea,pf,-23.1203,-134.9692,79.09,98,0,20.07
1502,faanui,pf,-16.4834,-151.75,84.67,100,80,8.32
1503,yeppoon,au,-23.1349,150.7437,74.01,89,0,2.28
1504,ushuaia,ar,-54.807,-68.3074,53.04,82,76,7.92
1505,mount gambier,au,-37.8302,140.7843,63.48,98,92,3.06
1506,pacific grove,us,36.6174,-121.9156,58.21,83,8,5.35
1507,sentyabrskiy,ru,,,,,,
1508,longyearbyen,sj,78.2186,15.6401,15.1,81,32,1.72
1509,rikitea,pf,-23.1203,-134.9692,79.09,98,0,20.07
1510,hobart,au,-42.8826,147.3281,57.31,98,88,2.84
1511,qaanaaq,gl,77.484,-69.3633,-19.11,52,32,6.35
1512,albany,au,-35.0248,117.8836,63.41,97,92,10.45
1513,tianpeng,cn,28.8838,112.3423,44.98,100,92,16.82
1514,inhambane,mz,-23.866,35.3844,76.71,97,0,7.76
1515,tiksi,ru,71.6366,128.8685,-0.48,64,0,17.65
1516,torbay,ca,47.6577,-52.727,36.54,78,0,12.57
1517,sal rei,cv,16.1833,-22.9167,70.77,98,0,14.81
1518,rikitea,pf,-23.1203,-134.9692,79.09,98,0,20.07
1519,mar del plata,ar,-46.4276,-67.5191,68.56,38,44,7.43
1520,hami,cn,42.8354,93.5128,25.18,69,8,3.85
1521,atuona,pf,-9.8,-139.0334,81.16,100,24,15.64
1522,bredasdorp,za,-34.5331,20.0428,63.21,96,88,8.03
1523,punta arenas,cl,-53.1627,-70.9081,52.75,88,68,13.35
1524,rikitea,pf,-23.1203,-134.9692,79.09,98,0,20.07
1525,nyrob,ru,60.743,56.7335,16.54,64,8,4.52
1526,bluff,nz,-46.6,168.3333,57.87,94,76,3.22
1527,nikolskoye,ru,59.7035,30.7861,38.39,92,92,7.54
1528,rikitea,pf,-23.1203,-134.9692,79.09,98,0,20.07
1529,atuona,pf,-9.8,-139.0334,81.16,100,24,15.64
1530,cape town,za,-33.929,18.4174,64.35,93,8,19.44
1531,idah,ng,7.11,6.734,73.42,99,76,6.53
1532,ushuaia,ar,-54.807,-68.3074,53.04,82,76,7.92
1533,kaitangata,nz,-46.2818,169.8464,62.89,86,56,4
1534,punta arenas,cl,-53.1627,-70.9081,52.75,88,68,13.35
1535,avera,pf,,,,,,
1536,punta arenas,cl,-53.1627,-70.9081,52.75,88,68,13.35
1537,qaanaaq,gl,77.484,-69.3633,-19.11,52,32,6.35
1538,shancheng,cn,26.9025,117.1722,59.47,99,92,2.84
1539,ushuaia,ar,-54.807,-68.3074,53.04,82,76,7.92
1540,kavieng,pg,-2.5745,150.7967,83.41,100,0,5.91
1541,nurota,uz,40.5614,65.6886,38.73,87,20,3.06
1542,ushuaia,ar,-54.807,-68.3074,53.04,82,76,7.92
1543,soyo,ao,-6.1334,12.3718,81.43,91,88,4.74
1544,dikson,ru,73.5069,80.5464,8.53,93,68,16.2
1545,ushuaia,ar,-54.807,-68.3074,53.04,82,76,7.92
1546,albany,au,-35.0248,117.8836,63.41,97,92,10.45
1547,bluff,nz,-46.6,168.3333,57.87,94,76,3.22
1548,karaul,ru,,,,,,
1549,clinton,us,30.8657,-91.0157,70.97,32,0,10.16
1550,bandrele,yt,-12.9067,45.1914,84.15,100,0,2.39
1551,barrow,us,39.5062,-90.4016,52.25,68,0,14.58
1552,georgetown,sh,-7.9334,-14.4167,81.7,100,0,15.3
1553,hobart,au,-42.8826,147.3281,57.31,98,88,2.84
1554,ambon,id,-3.6955,128.1814,80.89,99,8,8.43
1555,lebu,cl,-37.6167,-73.6501,57.31,92,76,4.12
1556,puerto ayora,ec,-0.7394,-90.3518,83.64,83,8,7.36
1557,samarai,pg,-10.6167,150.6667,79.45,100,80,9.6
1558,chokurdakh,ru,70.6192,147.9022,-24.87,37,8,9.15
1559,kizilskoye,ru,52.7255,58.8937,17.08,62,56,2.51
1560,bluff,nz,-46.6,168.3333,57.87,94,76,3.22
1561,amapa,br,-1.8297,-56.2258,84.22,78,32,2.89
1562,ushuaia,ar,-54.807,-68.3074,53.04,82,76,7.92
1563,saskylakh,ru,71.965,114.0939,8.53,77,76,10.04
1564,albany,au,-35.0248,117.8836,63.41,97,92,10.45
1565,port alfred,za,-33.5906,26.891,63.1,98,0,11.12
1566,karasjok,no,69.4721,25.5183,20.5,69,68,8.25
1567,punta arenas,cl,-53.1627,-70.9081,52.75,88,68,13.35
1568,busselton,au,-33.6445,115.3489,66.24,100,48,19.06
1569,albany,au,-35.0248,117.8836,63.41,97,92,10.45
1570,sitrah,bh,26.1547,50.6206,69.93,91,64,14.07
1571,hobart,au,-42.8826,147.3281,57.31,98,88,2.84
1572,thompson,ca,55.7433,-97.8635,35.06,54,0,9.89
1573,balud,ph,12.2247,124.8918,69.28,100,8,3.22
1574,sobinka,ru,55.9904,40.0151,31.75,93,80,7.25
1575,barrow,us,39.5062,-90.4016,52.25,68,0,14.58
1576,tuatapere,nz,-46.1324,167.6908,59.68,88,24,1.77
1577,monrovia,lr,6.328,-10.7978,79,82,0,6.8
1578,illoqqortoormiut,gl,,,,,,
1579,kodiak,us,39.9519,-94.7572,53.4,88,0,7.54
1580,hobart,au,-42.8826,147.3281,57.31,98,88,2.84
1581,nikolskoye,ru,59.7035,30.7861,38.39,92,92,7.54
1582,mataura,pf,,,,,,
1583,florence,us,34.1984,-79.7672,65.59,58,32,12.46
1584,camana,pe,,,,,,
1585,saint-augustin,ca,45.6256,-73.9796,43.2,88,80,3.78
1586,khatanga,ru,71.9801,102.4743,2.77,83,32,10.6
1587,abu dhabi,ae,24.4748,54.3706,67.75,90,56,10.16
1588,cape town,za,-33.929,18.4174,64.35,93,8,19.44
1589,east london,za,-33.0153,27.9116,63.43,100,12,11.34
1590,tasiilaq,gl,65.6145,-37.6368,18.84,97,80,46.35
1591,chicama,pe,-7.8435,-79.1452,72.99,86,48,4.85
1592,ushuaia,ar,-54.807,-68.3074,53.04,82,76,7.92
1593,half moon bay,us,37.4636,-122.4286,57.96,91,12,7.58
1594,rikitea,pf,-23.1203,-134.9692,79.09,98,0,20.07
1595,bandarbeyla,so,9.4942,50.8122,77.56,100,8,6.53
1596,hami,cn,42.8354,93.5128,25.18,69,8,3.85
1597,albany,au,-35.0248,117.8836,63.41,97,92,10.45
1598,mahebourg,mu,-20.4081,57.7,81.12,80,64,12.62
1599,pevek,ru,69.7028,170.2747,-9.93,87,68,4.34
1600,hammerfest,no,70.6634,23.6821,33.85,96,32,35.99
1601,menongue,ao,-14.6611,17.682,73.15,65,92,1.77
1602,pisco,pe,-13.71,-76.203,75.04,62,8,6.53
1603,darnah,ly,32.767,22.6367,61.72,96,64,16.71
1604,hermanus,za,-34.4176,19.2361,59.63,93,64,4.34
1605,puerto ayora,ec,-0.7394,-90.3518,83.64,83,8,7.36
1606,bengkulu,id,,,,,,
1607,tres arroyos,ar,-38.3771,-60.2754,61.9,75,20,7.54
1608,rikitea,pf,-23.1203,-134.9692,79.09,98,0,20.07
1609,taolanaro,mg,,,,,,
1610,atuona,pf,-9.8,-139.0334,81.16,100,24,15.64
1611,kavaratti,in,10.5669,72.642,83.41,100,0,7.36
1612,mataura,pf,,,,,,
1613,nanortalik,gl,60.1432,-45.2372,21.31,100,64,28.39
1614,tsienyane,bw,,,,,,
1615,rikitea,pf,-23.1203,-134.9692,79.09,98,0,20.07
1616,illoqqortoormiut,gl,,,,,,
1617,tuatapere,nz,-46.1324,167.6908,59.68,88,24,1.77
1618,atuona,pf,-9.8,-139.0334,81.16,100,24,15.64
1619,east london,za,-33.0153,27.9116,63.43,100,12,11.34
1620,provideniya,ru,64.4238,-173.2276,5.38,100,64,22.35
1621,yellowknife,ca,62.4541,-114.3774,38.55,87,0,18.84
1622,airai,pw,,,,,,
1623,nizhneyansk,ru,,,,,,
1624,vardo,no,70.3705,31.1107,25.95,100,0,17.94
1625,narsaq,gl,60.9127,-46.0453,5.11,57,8,8.37
1626,norman wells,ca,65.2824,-126.8328,45.59,91,36,2.51
1627,dikson,ru,73.5069,80.5464,8.53,93,68,16.2
1628,thompson,ca,55.7433,-97.8635,35.06,54,0,9.89
1629,nizhneyansk,ru,,,,,,
1630,canutama,br,-6.5331,-64.3835,82.51,84,48,3.06
1631,baykit,ru,61.6784,96.3854,24.46,82,88,9.89
1632,luderitz,na,-26.6481,15.1594,62.44,74,0,18.1
1633,arawa,pg,-6.2263,155.5651,80.17,100,92,3.89
1634,upernavik,gl,72.7868,-56.1549,-12.72,100,20,4.52
1635,padang,id,-0.9248,100.3633,79.45,100,24,7.92
1636,naze,jp,28.3667,129.4833,66.49,100,92,15.64
1637,cape town,za,-33.929,18.4174,64.35,93,8,19.44
1638,beringovskiy,ru,63.05,179.3167,-4.35,79,0,14.63
1639,taolanaro,mg,,,,,,
1640,airai,pw,,,,,,
1641,bowen,au,-20.0107,148.2468,75.34,100,92,13.69
1642,cape town,za,-33.929,18.4174,64.35,93,8,19.44
1643,hermanus,za,-34.4176,19.2361,59.63,93,64,4.34
1644,saint george,bm,32.3817,-64.6781,67.53,96,68,4.63
1645,cherskiy,ru,68.75,161.3,-22.35,33,0,2.21
1646,key west,us,47.9347,-96.7835,39.11,96,0,11.95
1647,lavrentiya,ru,65.5842,-170.989,2.95,100,80,35.84
1648,namibe,ao,-15.1902,12.1531,77.83,100,8,0.31
1649,pevek,ru,69.7028,170.2747,-9.93,87,68,4.34
1650,shimoda,jp,34.701,138.9287,60.78,93,24,24.47
1651,taolanaro,mg,,,,,,
1652,dikson,ru,73.5069,80.5464,8.53,93,68,16.2
1653,ushuaia,ar,-54.807,-68.3074,53.04,82,76,7.92
1654,murgab,tm,37.4966,61.9714,46.33,91,88,2.62
1655,pitimbu,br,-7.4729,-34.8113,83.95,90,0,10.78
1656,mihijam,in,23.8526,86.8788,69.55,60,32,2.84
1657,provideniya,ru,64.4238,-173.2276,5.38,100,64,22.35
1658,busselton,au,-33.6445,115.3489,66.24,100,48,19.06
1659,khatanga,ru,71.9801,102.4743,2.77,83,32,10.6
1660,ushuaia,ar,-54.807,-68.3074,53.04,82,76,7.92
1661,ascension,mx,,,,,,
1662,rikitea,pf,-23.1203,-134.9692,79.09,98,0,20.07
1663,albany,au,-35.0248,117.8836,63.41,97,92,10.45
1664,guerrero negro,mx,27.971,-114.0364,69.46,43,56,14.7
1665,victoria,sc,-4.6167,55.45,83.61,100,0,13.06
1666,cidreira,br,-30.1658,-50.2184,69.01,69,0,7.31
1667,oistins,bb,13.0667,-59.5334,81.27,100,76,10.16
1668,ushuaia,ar,-54.807,-68.3074,53.04,82,76,7.92
1669,vaini,to,-21.2001,-175.2,77.11,100,88,12.95
1670,pacific grove,us,36.6174,-121.9156,58.21,83,8,5.35
1671,avarua,ck,-21.2078,-159.775,81.46,100,48,6.53
1672,gadsden,us,34.0144,-86.0067,58.39,49,8,11.56
1673,ushuaia,ar,-54.807,-68.3074,53.04,82,76,7.92
1674,kapaa,us,22.0752,-159.319,75.79,76,0,6.87
1675,gamboma,cg,-1.8711,15.878,78.28,71,8,6.76
1676,port elizabeth,za,-33.918,25.5701,64.92,100,44,15.08
1677,iracoubo,gf,5.4794,-53.2058,81.52,67,0,5.75
1678,jamestown,sh,-15.9388,-5.7168,76.75,100,8,18.05
1679,tokonou,gn,9.65,-9.7834,71.71,90,76,7.43
1680,kamsack,ca,51.5645,-101.8954,49.84,93,0,3.22
1681,kapaa,us,22.0752,-159.319,75.79,76,0,6.87
1682,ancud,cl,-41.8682,-73.8288,58.5,97,88,5.23
1683,punta arenas,cl,-53.1627,-70.9081,52.75,88,68,13.35
1684,mount isa,au,-20.729,139.4932,72.86,59,0,9.04
1685,upernavik,gl,72.7868,-56.1549,-12.72,100,20,4.52
1686,havoysund,no,70.9963,24.6622,32.72,92,44,27.22
1687,irece,br,-11.3042,-41.8559,77.74,73,76,5.08
1688,cape town,za,-33.929,18.4174,64.35,93,8,19.44
1689,rikitea,pf,-23.1203,-134.9692,79.09,98,0,20.07
1690,port alfred,za,-33.5906,26.891,63.1,98,0,11.12
1691,thompson,ca,55.7433,-97.8635,35.06,54,0,9.89
1692,cape town,za,-33.929,18.4174,64.35,93,8,19.44
1693,cabra,ph,13.8883,120.0494,80.53,100,0,15.64
1694,attawapiskat,ca,,,,,,
1695,puerto ayora,ec,-0.7394,-90.3518,83.64,83,8,7.36
1696,hithadhoo,mv,-0.6,73.0833,84.31,100,88,6.91
1697,sivaki,ru,52.6333,126.75,3.04,54,0,6.31
1698,lagoa,pt,37.1363,-8.4541,52,43,0,6.76
1699,quatre cocos,mu,-20.2078,57.7625,81.27,80,64,12.62
1700,mahebourg,mu,-20.4081,57.7,81.12,80,64,12.62
1701,narsaq,gl,60.9127,-46.0453,5.11,57,8,8.37
1702,nanortalik,gl,60.1432,-45.2372,21.31,100,64,28.39
1703,nurota,uz,40.5614,65.6886,38.73,87,20,3.06
1704,grand river south east,mu,,,,,,
1705,kapaa,us,22.0752,-159.319,75.79,76,0,6.87
1706,pacific grove,us,36.6174,-121.9156,58.21,83,8,5.35
1707,illoqqortoormiut,gl,,,,,,
1708,armidale,au,-30.5134,151.6666,61.41,95,92,3.56
1709,pacific grove,us,36.6174,-121.9156,58.21,83,8,5.35
1710,taolanaro,mg,,,,,,
1711,liverpool,ca,44.0374,-64.7138,42.78,85,0,11.56
1712,nador,ma,35.174,-2.9282,58.03,100,88,23.24
1713,la ronge,ca,55.1004,-105.3013,50.7,53,0,2.89
1714,peniche,pt,39.3566,-9.3813,62.02,95,0,8.43
1715,ahipara,nz,-35.1665,173.1562,69.55,85,8,8.1
1716,provideniya,ru,64.4238,-173.2276,5.38,100,64,22.35
1717,port alfred,za,-33.5906,26.891,63.1,98,0,11.12
1718,hamilton,bm,32.2956,-64.7828,67.53,96,68,4.63
1719,tevriz,ru,57.5137,72.3989,24.01,88,80,4.41
1720,fortuna,us,40.5974,-124.1561,55.35,82,0,4.63
1721,provideniya,ru,64.4238,-173.2276,5.38,100,64,22.35
1722,kaeo,nz,-35.1018,173.7751,68.02,74,92,8.14
1723,rikitea,pf,-23.1203,-134.9692,79.09,98,0,20.07
1724,newcastle,au,-32.9273,151.7813,67.21,100,92,4.85
1725,taolanaro,mg,,,,,,
1726,mount gambier,au,-37.8302,140.7843,63.48,98,92,3.06
1727,stafford,gb,52.8063,-2.1164,46.24,86,12,5.23
1728,alyangula,au,-13.8484,136.4192,81.57,93,80,22.24
1729,belushya guba,ru,,,,,,
1730,noblesville,us,40.0456,-86.0086,44.49,100,48,11.9
1731,mataura,pf,,,,,,
1732,vaini,to,-21.2001,-175.2,77.11,100,88,12.95
1733,hermanus,za,-34.4176,19.2361,59.63,93,64,4.34
1734,saskylakh,ru,71.965,114.0939,8.53,77,76,10.04
1735,cache creek,ca,50.809,-121.3253,56.8,39,0,2.77
1736,shilka,ru,51.8516,116.0259,2.41,53,20,2.73
1737,guerrero negro,mx,27.971,-114.0364,69.46,43,56,14.7
1738,kapaa,us,22.0752,-159.319,75.79,76,0,6.87
1739,hermanus,za,-34.4176,19.2361,59.63,93,64,4.34
1740,tiksi,ru,71.6366,128.8685,-0.48,64,0,17.65
1741,albany,au,-35.0248,117.8836,63.41,97,92,10.45
1742,hilo,us,19.7072,-155.0817,68.67,100,44,15.86
1743,samarai,pg,-10.6167,150.6667,79.45,100,80,9.6
1744,hamilton,bm,32.2956,-64.7828,67.53,96,68,4.63
1745,zalaszentgrot,hu,46.9447,17.0792,36.18,76,0,2.55
1746,sangmelima,cm,2.9333,11.9833,73.69,86,64,1.88
1747,butaritari,ki,3.0707,172.7902,81.88,100,64,8.14
1748,margate,za,-30.8636,30.3705,69.37,100,92,9.44
1749,taolanaro,mg,,,,,,
1750,boa vista,br,2.8213,-60.6724,96.91,37,0,10.56
1751,sambava,mg,-14.2667,50.1667,81.88,100,56,12.91
1752,lompoc,us,34.6392,-120.458,58.82,100,8,8.03
1753,tuatapere,nz,-46.1324,167.6908,59.68,88,24,1.77
1754,cabo san lucas,mx,22.8938,-109.9112,77.45,88,0,2.28
1755,saskylakh,ru,71.965,114.0939,8.53,77,76,10.04
1756,nizwa,om,22.9324,57.5311,59.65,51,0,2.62
1757,cairns,au,-16.9205,145.7719,72.27,100,92,9.6
1758,bicester,gb,51.8989,-1.1519,45.79,84,44,4.74
1759,san cristobal,ec,-1.0243,-79.4413,65.14,100,88,2.51
1760,mataura,pf,,,,,,
1761,east london,za,-33.0153,27.9116,63.43,100,12,11.34
1762,yumen,cn,40.2917,97.0449,19.78,73,0,4.23
1763,sumbawa,id,,,,,,
1764,tanout,ne,14.9712,8.8784,79.9,27,0,4.52
1765,faanui,pf,-16.4834,-151.75,84.67,100,80,8.32
1766,hobart,au,-42.8826,147.3281,57.31,98,88,2.84
1767,bredasdorp,za,-34.5331,20.0428,63.21,96,88,8.03
1768,port elizabeth,za,-33.918,25.5701,64.92,100,44,15.08
1769,rikitea,pf,-23.1203,-134.9692,79.09,98,0,20.07
1770,butaritari,ki,3.0707,172.7902,81.88,100,64,8.14
1771,kaitangata,nz,-46.2818,169.8464,62.89,86,56,4
1772,vaini,to,-21.2001,-175.2,77.11,100,88,12.95
1773,severo-kurilsk,ru,50.6789,156.125,19.69,100,36,3.06
1774,kapaa,us,22.0752,-159.319,75.79,76,0,6.87
1775,puerto ayora,ec,-0.7394,-90.3518,83.64,83,8,7.36
1776,busselton,au,-33.6445,115.3489,66.24,100,48,19.06
1777,ilulissat,gl,69.2167,-51.1,-10.03,92,24,3.33
1778,albany,au,-35.0248,117.8836,63.41,97,92,10.45
1779,jamestown,sh,-15.9388,-5.7168,76.75,100,8,18.05
1780,illoqqortoormiut,gl,,,,,,
1781,thompson,ca,55.7433,-97.8635,35.06,54,0,9.89
1782,pevek,ru,69.7028,170.2747,-9.93,87,68,4.34
1783,koslan,ru,63.4564,48.8989,29.59,80,88,5.08
1784,upernavik,gl,72.7868,-56.1549,-12.72,100,20,4.52
1785,ushuaia,ar,-54.807,-68.3074,53.04,82,76,7.92
1786,belaya gora,ru,68.537,146.1873,-27.93,0,0,3.62
1787,codrington,ag,,,,,,
1788,sun valley,us,43.6962,-114.3531,40.93,41,36,2.73
1789,hilo,us,19.7072,-155.0817,68.67,100,44,15.86
1790,puerto ayora,ec,-0.7394,-90.3518,83.64,83,8,7.36
1791,illoqqortoormiut,gl,,,,,,
1792,mount gambier,au,-37.8302,140.7843,63.48,98,92,3.06
1793,ixtapa,mx,20.715,-105.2067,83.07,48,0,2.89
1794,jamestown,sh,-15.9388,-5.7168,76.75,100,8,18.05
1795,puerto ayora,ec,-0.7394,-90.3518,83.64,83,8,7.36
1796,lata,sb,,,,,,
1797,saint-augustin,ca,45.6256,-73.9796,43.2,88,80,3.78
1798,severo-kurilsk,ru,50.6789,156.125,19.69,100,36,3.06
1799,viedma,ar,-40.8086,-62.9947,67.21,40,68,14.14
1800,bluff,nz,-46.6,168.3333,57.87,94,76,3.22
1801,puerto ayora,ec,-0.7394,-90.3518,83.64,83,8,7.36
1802,barrow,us,39.5062,-90.4016,52.25,68,0,14.58
1803,blagoyevo,ru,63.3667,47.9167,28.96,82,80,5.01
1804,mar del plata,ar,-46.4276,-67.5191,68.56,38,44,7.43
1805,mbekenyera,tz,-10,38.9833,75.85,86,12,3.4
1806,torbay,ca,47.6577,-52.727,36.54,78,0,12.57
1807,taolanaro,mg,,,,,,
1808,hobart,au,-42.8826,147.3281,57.31,98,88,2.84
1809,urucui,br,-7.2295,-44.5562,83.59,66,48,3.51
1810,mahebourg,mu,-20.4081,57.7,81.12,80,64,12.62
1811,puerto carreno,co,6.189,-67.4859,89.15,71,48,3.33
1812,camana,pe,,,,,,
1813,atuona,pf,-9.8,-139.0334,81.16,100,24,15.64
1814,misratah,ly,32.3754,15.0925,56.23,99,100,5.75
1815,ngukurr,au,,,,,,
1816,makakilo city,us,21.3469,-158.0859,80.11,57,8,10.04
1817,libreville,ga,0.39,9.454,80.4,96,44,5.08
1818,chokurdakh,ru,70.6192,147.9022,-24.87,37,8,9.15
1819,puerto ayora,ec,-0.7394,-90.3518,83.64,83,8,7.36
1820,arraial do cabo,br,-22.9663,-42.0245,79.14,88,92,18.88
1821,mehamn,no,71.035,27.8517,21.54,70,0,9.6
1822,sibolga,id,1.737,98.7846,68.56,100,68,1.54
1823,ponta do sol,cv,17.1994,-25.092,75,100,8,13.8
1824,meulaboh,id,4.1363,96.1285,78.01,100,8,2.77
1825,longyearbyen,sj,78.2186,15.6401,15.1,81,32,1.72
1826,provideniya,ru,64.4238,-173.2276,5.38,100,64,22.35
1827,tasiilaq,gl,65.6145,-37.6368,18.84,97,80,46.35
1828,pangkalanbuun,id,-2.6834,111.6167,70.99,91,8,2.51
1829,san benito,ph,14.0644,121.2767,77.18,95,20,6.02
1830,mataura,pf,,,,,,
1831,avarua,ck,-21.2078,-159.775,81.46,100,48,6.53
1832,concordia,br,-27.2342,-52.0278,68.45,84,56,7.31
1833,port elizabeth,za,-33.918,25.5701,64.92,100,44,15.08
1834,chokurdakh,ru,70.6192,147.9022,-24.87,37,8,9.15
1835,rikitea,pf,-23.1203,-134.9692,79.09,98,0,20.07
1836,qaanaaq,gl,77.484,-69.3633,-19.11,52,32,6.35
1837,saskylakh,ru,71.965,114.0939,8.53,77,76,10.04
1838,tilichiki,ru,60.4667,166.1,6.55,86,20,6.35
1839,bereda,so,,,,,,
1840,souillac,mu,-20.5167,57.5167,81.14,80,64,12.62
1841,fortuna,us,40.5974,-124.1561,55.35,82,0,4.63
1842,hilo,us,19.7072,-155.0817,68.67,100,44,15.86
1843,bandar,id,-4.1986,104.1362,73.78,97,68,2.89
1844,vila franca do campo,pt,37.7167,-25.4334,56.68,100,48,4.85
1845,manali,in,32.2455,77.1873,-5.43,76,68,1.28
1846,kawardha,in,22.0059,81.2332,65.14,92,68,1.05
1847,taree,au,-31.9129,152.4608,64.92,98,68,2.62
1848,kahului,us,20.8894,-156.4728,76.17,70,8,12.28
1849,saint-philippe,re,-21.3586,55.7679,77.09,100,88,11.79
1850,rikitea,pf,-23.1203,-134.9692,79.09,98,0,20.07
1851,punta arenas,cl,-53.1627,-70.9081,52.75,88,68,13.35
1852,izamal,mx,20.9331,-89.0171,84.34,40,0,8.77
1853,avarua,ck,-21.2078,-159.775,81.46,100,48,6.53
1854,tiarei,pf,-17.5334,-149.3334,78.49,100,68,6.35
1855,ovre ardal,no,61.3167,7.8,16.61,75,0,2.51
1856,bayir,jo,,,,,,
1857,bayan,kw,29.2975,48.0478,60.91,75,8,1.21
1858,belushya guba,ru,,,,,,
1859,illoqqortoormiut,gl,,,,,,
1860,ushuaia,ar,-54.807,-68.3074,53.04,82,76,7.92
1861,port alfred,za,-33.5906,26.891,63.1,98,0,11.12
1862,hermanus,za,-34.4176,19.2361,59.63,93,64,4.34
1863,saint george,bm,32.3817,-64.6781,67.53,96,68,4.63
1864,cidreira,br,-30.1658,-50.2184,69.01,69,0,7.31
1865,hobart,au,-42.8826,147.3281,57.31,98,88,2.84
1866,kroya,id,-6.495,108.0629,71.62,96,56,2.28
1867,sabha,ly,27.0332,14.4317,64.33,46,0,9.1
1868,lebu,cl,-37.6167,-73.6501,57.31,92,76,4.12
1869,bluff,nz,-46.6,168.3333,57.87,94,76,3.22
1870,hermanus,za,-34.4176,19.2361,59.63,93,64,4.34
1871,amderma,ru,,,,,,
1872,ponta do sol,cv,17.1994,-25.092,75,100,8,13.8
1873,inhambane,mz,-23.866,35.3844,76.71,97,0,7.76
1874,bambanglipuro,id,-7.95,110.2833,70.63,97,44,2.73
1875,husavik,is,66.0449,-17.3389,31.91,90,0,8.14
1876,busselton,au,-33.6445,115.3489,66.24,100,48,19.06
1877,cape town,za,-33.929,18.4174,64.35,93,8,19.44
1878,geraldton,au,-28.7667,114.6,67.21,100,76,7.81
1879,longyearbyen,sj,78.2186,15.6401,15.1,81,32,1.72
1880,rikitea,pf,-23.1203,-134.9692,79.09,98,0,20.07
1881,new norfolk,au,-42.7802,147.0615,56.88,99,92,3.29
1882,luanda,ao,-8.8272,13.2437,81.09,86,12,8.37
1883,jamestown,sh,-15.9388,-5.7168,76.75,100,8,18.05
1884,chokurdakh,ru,70.6192,147.9022,-24.87,37,8,9.15
1885,busselton,au,-33.6445,115.3489,66.24,100,48,19.06
1886,tuktoyaktuk,ca,69.444,-133.032,17.38,100,68,14.92
1887,taolanaro,mg,,,,,,
1888,busselton,au,-33.6445,115.3489,66.24,100,48,19.06
1889,thompson,ca,55.7433,-97.8635,35.06,54,0,9.89
1890,barentsburg,sj,,,,,,
1891,busselton,au,-33.6445,115.3489,66.24,100,48,19.06
1892,ciudad bolivar,ve,8.1222,-63.5498,97,29,0,12.91
1893,lamovita,ba,44.9244,16.9071,43.45,56,0,4.07
1894,high level,ca,58.5167,-117.1334,52.07,50,8,6.53
1895,rikitea,pf,-23.1203,-134.9692,79.09,98,0,20.07
1896,mataura,pf,,,,,,
1897,norman wells,ca,65.2824,-126.8328,45.59,91,36,2.51
1898,vardo,no,70.3705,31.1107,25.95,100,0,17.94
1899,hobart,au,-42.8826,147.3281,57.31,98,88,2.84
1900,kapaa,us,22.0752,-159.319,75.79,76,0,6.87
1901,carnarvon,au,-24.8667,113.6333,75.58,94,20,19.84
1902,pakxan,la,18.3924,103.6593,69.01,84,0,0.72
1903,mataura,pf,,,,,,
1904,simbahan,ph,6.3032,120.5836,81.79,97,0,6.58
1905,bolshiye klyuchishchi,ru,,,,,,
1906,sangar,ru,63.9236,127.4668,-21,30,0,2.33
1907,batticaloa,lk,7.7102,81.6924,77.65,100,20,4.85
1908,jiuquan,cn,39.7321,98.4937,6.64,61,0,2.84
1909,tasiilaq,gl,65.6145,-37.6368,18.84,97,80,46.35
1910,tumannyy,ru,,,,,,
1911,castro,cl,-42.4824,-73.7644,58.42,96,92,3.85
1912,guerrero negro,mx,27.971,-114.0364,69.46,43,56,14.7
1913,bluff,nz,-46.6,168.3333,57.87,94,76,3.22
1914,a,no,,,,,,
1915,cape town,za,-33.929,18.4174,64.35,93,8,19.44
1916,taolanaro,mg,,,,,,
1917,tsihombe,mg,,,,,,
1918,saint-georges,gf,,,,,,
1919,punta arenas,cl,-53.1627,-70.9081,52.75,88,68,13.35
1920,nikolskoye,ru,59.7035,30.7861,38.39,92,92,7.54
1921,ushuaia,ar,-54.807,-68.3074,53.04,82,76,7.92
1922,axim,gh,4.8654,-2.2422,80.17,100,92,11.68
1923,kutahya,tr,39.4242,29.9833,28.47,92,0,2.51
1924,butaritari,ki,3.0707,172.7902,81.88,100,64,8.14
1925,kavieng,pg,-2.5745,150.7967,83.41,100,0,5.91
1926,butaritari,ki,3.0707,172.7902,81.88,100,64,8.14
1927,vaini,to,-21.2001,-175.2,77.11,100,88,12.95
1928,hobart,au,-42.8826,147.3281,57.31,98,88,2.84
1929,umm lajj,sa,25.024,37.2669,61.45,100,0,2.84
1930,haibowan,cn,,,,,,
1931,hermanus,za,-34.4176,19.2361,59.63,93,64,4.34
1932,champerico,gt,14.3,-91.9167,88.83,74,36,5.3
1933,taolanaro,mg,,,,,,
1934,jamestown,sh,-15.9388,-5.7168,76.75,100,8,18.05
1935,moyale,ke,3.5167,39.0584,72.52,40,0,7.09
1936,karaul,ru,,,,,,
1937,half moon bay,us,37.4636,-122.4286,57.96,91,12,7.58
1938,taoudenni,ml,22.6783,-3.9837,69.55,13,80,3.89
1939,abu dhabi,ae,24.4748,54.3706,67.75,90,56,10.16
1940,ushuaia,ar,-54.807,-68.3074,53.04,82,76,7.92
1941,kapaa,us,22.0752,-159.319,75.79,76,0,6.87
1942,auki,sb,-8.7677,160.7034,79,100,68,3.74
1943,ascension,bo,,,,,,
1944,mataura,pf,,,,,,
1945,busselton,au,-33.6445,115.3489,66.24,100,48,19.06
1946,kavieng,pg,-2.5745,150.7967,83.41,100,0,5.91
1947,nabire,id,-3.3597,135.505,67.21,93,24,1.88
1948,busselton,au,-33.6445,115.3489,66.24,100,48,19.06
1949,arraial do cabo,br,-22.9663,-42.0245,79.14,88,92,18.88
1950,albany,au,-35.0248,117.8836,63.41,97,92,10.45
1951,busselton,au,-33.6445,115.3489,66.24,100,48,19.06
1952,puerto ayora,ec,-0.7394,-90.3518,83.64,83,8,7.36
1953,illoqqortoormiut,gl,,,,,,
1954,port said,eg,25.339,30.5528,63.79,30,0,8.03
1955,rikitea,pf,-23.1203,-134.9692,79.09,98,0,20.07
1956,mount gambier,au,-37.8302,140.7843,63.48,98,92,3.06
1957,busselton,au,-33.6445,115.3489,66.24,100,48,19.06
1958,samarai,pg,-10.6167,150.6667,79.45,100,80,9.6
1959,geraldton,ca,49.7189,-86.9494,38.37,74,80,9.89
1960,hasaki,jp,35.7333,140.8333,60.67,95,64,3.4
1961,vila franca do campo,pt,37.7167,-25.4334,56.68,100,48,4.85
1962,tasiilaq,gl,65.6145,-37.6368,18.84,97,80,46.35
1963,arraial do cabo,br,-22.9663,-42.0245,79.14,88,92,18.88
1964,hobart,au,-42.8826,147.3281,57.31,98,88,2.84
1965,longyearbyen,sj,78.2186,15.6401,15.1,81,32,1.72
1966,grand river south east,mu,,,,,,
1967,yeletskiy,ru,,,,,,
1968,grand centre,ca,,,,,,
1969,cape town,za,-33.929,18.4174,64.35,93,8,19.44
1970,gizo,sb,-8.1031,156.8419,82.33,100,20,5.3
1971,saint-philippe,re,-21.3586,55.7679,77.09,100,88,11.79
1972,tuktoyaktuk,ca,69.444,-133.032,17.38,100,68,14.92
1973,castro,cl,-42.4824,-73.7644,58.42,96,92,3.85
1974,reconquista,ar,-29.1444,-59.6438,69.91,78,0,4.52
1975,yuksekova,tr,37.5736,44.2872,25.79,85,44,2.06
1976,savinka,ru,50.0777,47.0973,37.33,79,32,3.33
1977,jamestown,sh,-15.9388,-5.7168,76.75,100,8,18.05
1978,ushuaia,ar,-54.807,-68.3074,53.04,82,76,7.92
1979,nanortalik,gl,60.1432,-45.2372,21.31,100,64,28.39
1980,pasni,pk,25.2627,63.4753,70.81,95,0,5.12
1981,tautira,pf,-17.7334,-149.15,78.6,99,64,7.36
1982,natal,br,-5.8054,-35.2081,85.03,73,48,5.64
1983,albany,au,-35.0248,117.8836,63.41,97,92,10.45
1984,punta arenas,cl,-53.1627,-70.9081,52.75,88,68,13.35
1985,ust-kulom,ru,61.6864,53.6902,25.45,92,12,5.01
1986,nyurba,ru,63.2866,118.3541,-3.45,62,0,6.8
1987,kirakira,sb,-10.4569,161.9202,84.4,100,76,8.43
1988,georgetown,sh,-7.9334,-14.4167,81.7,100,0,15.3
1989,severo-kurilsk,ru,50.6789,156.125,19.69,100,36,3.06
1990,robertson,za,-33.8023,19.8836,46.78,90,12,1.99
1991,port elizabeth,za,-33.918,25.5701,64.92,100,44,15.08
1992,butaritari,ki,3.0707,172.7902,81.88,100,64,8.14
1993,geraldton,au,-28.7667,114.6,67.21,100,76,7.81
1994,kokopo,pg,-4.3439,152.2688,81.07,100,36,4.41
1995,butaritari,ki,3.0707,172.7902,81.88,100,64,8.14
1996,viligili,mv,,,,,,
1997,ibirite,br,-20.022,-44.0589,73.17,84,88,5.53
1998,pallikonda,in,,,,,,
1999,sao raimundo nonato,br,,,,,,
